stage,collector,provider,kind,url,filename,bytes,sha256
stage0,route-views.chile,RouteViews,rib,https://archive.routeviews.org/route-views.chile/bgpdata/2025.07/RIBS/rib.20250706.0000.bz2,rib.20250706.0000.bz2,15130229,bf81170e77fcace7457397edff79c2a783d4eea346ed2238d6f60c36eb5dfd57
stage0,route-views.chile,RouteViews,updates,https://archive.routeviews.org/route-views.chile/bgpdata/2025.07/UPDATES/updates.20250706.0000.bz2,updates.20250706.0000.bz2,323468,ad744784bf4d1008e24c1a66e25ba7afb1f85ec685d4d00c309de4621d122d32
stage0,route-views.chile,RouteViews,updates,https://archive.routeviews.org/route-views.chile/bgpdata/2025.07/UPDATES/updates.20250706.0015.bz2,updates.20250706.0015.bz2,238009,8ecd2f9bb2314e6f0c54095249dce7659c824839d51d67fcffbab0b7a7777d77
stage0,route-views.chile,RouteViews,updates,https://archive.routeviews.org/route-views.chile/bgpdata/2025.07/UPDATES/updates.20250706.0030.bz2,updates.20250706.0030.bz2,290475,a8b02a5962b9a0029b9e7ed0dc8cba520cc11ed171c8a9b01690fcf09f3aef9d
stage0,route-views.chile,RouteViews,updates,https://archive.routeviews.org/route-views.chile/bgpdata/2025.07/UPDATES/updates.20250706.0045.bz2,updates.20250706.0045.bz2,260137,da2e3e0c565526b124ff64469f7fb01e22c3432055c5ae63d7f46c1b072b8774
stage0,route-views.chile,RouteViews,updates,https://archive.routeviews.org/route-views.chile/bgpdata/2025.07/UPDATES/updates.20250706.0100.bz2,updates.20250706.0100.bz2,278947,aeb61246e608e9b17af357910d263f206d5606fe251c9d05540d45de0b2f31d0
stage0,route-views.chile,RouteViews,updates,https://archive.routeviews.org/route-views.chile/bgpdata/2025.07/UPDATES/updates.20250706.0115.bz2,updates.20250706.0115.bz2,288898,10041b24b18ff444542cda8fd5b0d8daf9e82dd6a4b9e900a684c1b0a3ca335d
stage0,route-views.chile,RouteViews,updates,https://archive.routeviews.org/route-views.chile/bgpdata/2025.07/UPDATES/updates.20250706.0130.bz2,updates.20250706.0130.bz2,453007,5fb3c39f477e099e2004ad9c6576e61bf46cb7ad5e2ece7daf3cab049212f5dc
stage0,route-views.chile,RouteViews,updates,https://archive.routeviews.org/route-views.chile/bgpdata/2025.07/UPDATES/updates.20250706.0145.bz2,updates.20250706.0145.bz2,247591,c9e5a138194654554724224595741fcf237818cb90425c63053357616ffe003c
stage0,rrc06,RIPE RIS,rib,https://data.ris.ripe.net/rrc06/2025.07/bview.20250706.0000.gz,bview.20250706.0000.gz,39224994,176c5aad54d7096b77f61003e793268589e28e6785ef4fb14a539e6ab318190d
stage0,rrc06,RIPE RIS,updates,https://data.ris.ripe.net/rrc06/2025.07/updates.20250706.0000.gz,updates.20250706.0000.gz,205326,a0c2b9dbbb73e9403b8c18565a66546087eb4245487248c0b52f5e2f14826e4e
stage0,rrc06,RIPE RIS,updates,https://data.ris.ripe.net/rrc06/2025.07/updates.20250706.0005.gz,updates.20250706.0005.gz,215035,afbcdd58db014e7d3b044da9b18adede02e4e599ecb435ac740a43825c445263
stage0,rrc06,RIPE RIS,updates,https://data.ris.ripe.net/rrc06/2025.07/updates.20250706.0010.gz,updates.20250706.0010.gz,195464,d701fddb01840ea70b39d2d791382c33b62e938e8ab009cf960ca90ce074e6af
stage0,rrc06,RIPE RIS,updates,https://data.ris.ripe.net/rrc06/2025.07/updates.20250706.0015.gz,updates.20250706.0015.gz,158766,abbe8d4f126ad6d58dae8f3e855c3ac697987e15dd784941ab5355802a6582aa
stage0,rrc06,RIPE RIS,updates,https://data.ris.ripe.net/rrc06/2025.07/updates.20250706.0020.gz,updates.20250706.0020.gz,203618,179100b75d702104328163d853c11588bda488a66f619d3c52cf7f6d22f2499e
stage0,rrc06,RIPE RIS,updates,https://data.ris.ripe.net/rrc06/2025.07/updates.20250706.0025.gz,updates.20250706.0025.gz,195492,cd51f2044854077d89daca140a13cdb8eb3b79df3381a2ff866e05b9e5d8171a
stage0,rrc06,RIPE RIS,updates,https://data.ris.ripe.net/rrc06/2025.07/updates.20250706.0030.gz,updates.20250706.0030.gz,186212,89811dc03b282400151aaae2fb5046205a823f9c6bf6ef054d14d8cb7d8734ad
stage0,rrc06,RIPE RIS,updates,https://data.ris.ripe.net/rrc06/2025.07/updates.20250706.0035.gz,updates.20250706.0035.gz,181520,977916ac4a42d38542504e37c9049f9e47525ffefd20d412cefb91fc93c9b70f
stage0,rrc06,RIPE RIS,updates,https://data.ris.ripe.net/rrc06/2025.07/updates.20250706.0040.gz,updates.20250706.0040.gz,199891,7252f8a88f05188a5a979b74d0fbbe45e595dab605d55311ba293795a222ac41
stage0,rrc06,RIPE RIS,updates,https://data.ris.ripe.net/rrc06/2025.07/updates.20250706.0045.gz,updates.20250706.0045.gz,190727,81bb93575718fcd07c3a6594eaef4056be7b0135db41cb4128ddf73dd09930d8
stage0,rrc06,RIPE RIS,updates,https://data.ris.ripe.net/rrc06/2025.07/updates.20250706.0050.gz,updates.20250706.0050.gz,228115,f88084d2a6af94ba3258820244d22548b92e4d5dccacbf73ffdb7944a41f66eb
stage0,rrc06,RIPE RIS,updates,https://data.ris.ripe.net/rrc06/2025.07/updates.20250706.0055.gz,updates.20250706.0055.gz,168971,a1a346b3418a36f25be6ed368b66ce48bac3330f8dc227d2bbdcc73147685b56
stage0,rrc06,RIPE RIS,updates,https://data.ris.ripe.net/rrc06/2025.07/updates.20250706.0100.gz,updates.20250706.0100.gz,216680,5b412a5a56d726bc82c02a13d5bacd00e379fdff6dc1fece5a33dc2828ee947a
stage0,rrc06,RIPE RIS,updates,https://data.ris.ripe.net/rrc06/2025.07/updates.20250706.0105.gz,updates.20250706.0105.gz,190512,a4d5cc930b324d64ec0177cbc48e50154c1e6fe1f0944ccfd1c906b583650ece
stage0,rrc06,RIPE RIS,updates,https://data.ris.ripe.net/rrc06/2025.07/updates.20250706.0110.gz,updates.20250706.0110.gz,176835,1de68a973318e67cebdb64634391ad9ad6b4939a8672e496115ea543aa3089c0
stage0,rrc06,RIPE RIS,updates,https://data.ris.ripe.net/rrc06/2025.07/updates.20250706.0115.gz,updates.20250706.0115.gz,180634,4a1ef085edd5c0370d7d830d5860a7264b2a40efb70a8b237472183ed0fff55a
stage0,rrc06,RIPE RIS,updates,https://data.ris.ripe.net/rrc06/2025.07/updates.20250706.0120.gz,updates.20250706.0120.gz,194454,567264bb5159fdc78057dd8842e800fb8bc3492fb6845dcfc7479f572a121cc3
stage0,rrc06,RIPE RIS,updates,https://data.ris.ripe.net/rrc06/2025.07/updates.20250706.0125.gz,updates.20250706.0125.gz,194809,56cb95380a223c584d00ea77ee75176c9c7a85ebbed120aa510e8ceb68e8a2b0
stage0,rrc06,RIPE RIS,updates,https://data.ris.ripe.net/rrc06/2025.07/updates.20250706.0130.gz,updates.20250706.0130.gz,240132,88e8c5db55a1b9b6ca003ea7d76ee80ce6ee058368bcda3ff4e17323f6c522c9
stage0,rrc06,RIPE RIS,updates,https://data.ris.ripe.net/rrc06/2025.07/updates.20250706.0135.gz,updates.20250706.0135.gz,222558,07c2fb5df979d11118111402458137eb46ffd2080e726543bbaf95d141550567
stage0,rrc06,RIPE RIS,updates,https://data.ris.ripe.net/rrc06/2025.07/updates.20250706.0140.gz,updates.20250706.0140.gz,188887,a9325147fe4416e78b049b0c632fc904ad74c272cdab2bbd3a5e11356f388212
stage0,rrc06,RIPE RIS,updates,https://data.ris.ripe.net/rrc06/2025.07/updates.20250706.0145.gz,updates.20250706.0145.gz,180958,259dfccf1418a35d072103cb5d1ccacf5d0caada0e2d3493d71efb4119781fae
stage0,rrc06,RIPE RIS,updates,https://data.ris.ripe.net/rrc06/2025.07/updates.20250706.0150.gz,updates.20250706.0150.gz,177235,f47b6e5d1b22432e68e20d9ba251b39ad58a57d91d449a6a7c8bc82f37a2808f
stage0,rrc06,RIPE RIS,updates,https://data.ris.ripe.net/rrc06/2025.07/updates.20250706.0155.gz,updates.20250706.0155.gz,169037,0163ed3ffb24faf7b183f250af421ae9caf4af9a4e2e692a1440b6080e942d5f
stage1,route-views.chile,RouteViews,updates,https://archive.routeviews.org/route-views.chile/bgpdata/2025.07/UPDATES/updates.20250706.0200.bz2,updates.20250706.0200.bz2,275935,80870b8c657eb4029285f3770637b77d0ee2375398e3714cd03cd986e55ac66b
stage1,route-views.chile,RouteViews,updates,https://archive.routeviews.org/route-views.chile/bgpdata/2025.07/UPDATES/updates.20250706.0215.bz2,updates.20250706.0215.bz2,257808,02122adfc6ed24ef90b9c5533f411ec1cf4ada90adb21c3cbd43bffa457b42df
stage1,route-views.chile,RouteViews,updates,https://archive.routeviews.org/route-views.chile/bgpdata/2025.07/UPDATES/updates.20250706.0230.bz2,updates.20250706.0230.bz2,658774,e115ebaf72968df47b109cebefa3cab2d098e4fad7dcba24852415e6f91105d3
stage1,route-views.chile,RouteViews,updates,https://archive.routeviews.org/route-views.chile/bgpdata/2025.07/UPDATES/updates.20250706.0245.bz2,updates.20250706.0245.bz2,317993,fb8867a1be36b0acb8f0a5452024c4cf27605c73f478bf19df925cdcdef9356c
stage1,route-views.chile,RouteViews,updates,https://archive.routeviews.org/route-views.chile/bgpdata/2025.07/UPDATES/updates.20250706.0300.bz2,updates.20250706.0300.bz2,328833,dfb1265a2a06d70674ae67cf79d674f8c5fbdde181b541001169ad50cdb8bb9b
stage1,route-views.chile,RouteViews,updates,https://archive.routeviews.org/route-views.chile/bgpdata/2025.07/UPDATES/updates.20250706.0315.bz2,updates.20250706.0315.bz2,249566,9cf338a0de12eddf16624dd2672ab73e4d8a70f47aa0dca76e1b1d8fedb5702a
stage1,route-views.chile,RouteViews,updates,https://archive.routeviews.org/route-views.chile/bgpdata/2025.07/UPDATES/updates.20250706.0330.bz2,updates.20250706.0330.bz2,270209,81b84e32832c3e2be720252662792680c75895413172049c8b97934f1ba47c55
stage1,route-views.chile,RouteViews,updates,https://archive.routeviews.org/route-views.chile/bgpdata/2025.07/UPDATES/updates.20250706.0345.bz2,updates.20250706.0345.bz2,270006,66645b37e2d4b325cc1b6442581c4af6c91988097e2eae4d359a0011a9166e4b
stage1,route-views.chile,RouteViews,updates,https://archive.routeviews.org/route-views.chile/bgpdata/2025.07/UPDATES/updates.20250706.0400.bz2,updates.20250706.0400.bz2,285217,3a872ea78db1e7901468f5c65eb8376c820e0a1adaa79e6cde261d532a880668
stage1,route-views.chile,RouteViews,updates,https://archive.routeviews.org/route-views.chile/bgpdata/2025.07/UPDATES/updates.20250706.0415.bz2,updates.20250706.0415.bz2,263798,1fdd12a937572af002f6c84e3c83cd3299c7776f51420457b25cd9700ecdfaf5
stage1,route-views.chile,RouteViews,updates,https://archive.routeviews.org/route-views.chile/bgpdata/2025.07/UPDATES/updates.20250706.0430.bz2,updates.20250706.0430.bz2,324812,77309fa9c70f50514eb9a05769bd5c913b4477943e654a8e6eda906aa62d0073
stage1,route-views.chile,RouteViews,updates,https://archive.routeviews.org/route-views.chile/bgpdata/2025.07/UPDATES/updates.20250706.0445.bz2,updates.20250706.0445.bz2,271138,75379c06ef17d407b12477bdf268264f9560dcadc808ae2923c312dac201b2e4
stage1,route-views.chile,RouteViews,updates,https://archive.routeviews.org/route-views.chile/bgpdata/2025.07/UPDATES/updates.20250706.0500.bz2,updates.20250706.0500.bz2,281052,35c23b5de6b278df9a7dcbcf98ac65faad8562b5430c3c9acf8a65d655009962
stage1,route-views.chile,RouteViews,updates,https://archive.routeviews.org/route-views.chile/bgpdata/2025.07/UPDATES/updates.20250706.0515.bz2,updates.20250706.0515.bz2,410010,6981139b6045d9393651b276a02cafd0bf3a94f71158663adebdd99ed662668f
stage1,route-views.chile,RouteViews,updates,https://archive.routeviews.org/route-views.chile/bgpdata/2025.07/UPDATES/updates.20250706.0530.bz2,updates.20250706.0530.bz2,764713,291af75ed9a0b9786e83fabc5136971e439d6a53d1209b7448b70986ea47e0bc
stage1,route-views.chile,RouteViews,updates,https://archive.routeviews.org/route-views.chile/bgpdata/2025.07/UPDATES/updates.20250706.0545.bz2,updates.20250706.0545.bz2,399319,6e829431258faacf458a45ced6a352aa47557096ce7af309ccbbb7b263fcb88e
stage1,route-views.chile,RouteViews,updates,https://archive.routeviews.org/route-views.chile/bgpdata/2025.07/UPDATES/updates.20250706.0600.bz2,updates.20250706.0600.bz2,353925,88568aab122603dde77b394ff9414c63053592d173b5a0ec1a8336044dd0898f
stage1,route-views.chile,RouteViews,updates,https://archive.routeviews.org/route-views.chile/bgpdata/2025.07/UPDATES/updates.20250706.0615.bz2,updates.20250706.0615.bz2,457538,7140c0e128f5b5616d23643b3540b24bcee83b7810a60becf0d07b9824e816af
stage1,route-views.chile,RouteViews,updates,https://archive.routeviews.org/route-views.chile/bgpdata/2025.07/UPDATES/updates.20250706.0630.bz2,updates.20250706.0630.bz2,336645,7ebe84a347c726b05c6867c8f7f2f0e981723ee031ce1ba83e979d8ca1dc758b
stage1,route-views.chile,RouteViews,updates,https://archive.routeviews.org/route-views.chile/bgpdata/2025.07/UPDATES/updates.20250706.0645.bz2,updates.20250706.0645.bz2,277966,896664d2c35776c0416c393fec740f8e1c4275e9472229f52e35aa67fa1f0e08
stage1,route-views.chile,RouteViews,updates,https://archive.routeviews.org/route-views.chile/bgpdata/2025.07/UPDATES/updates.20250706.0700.bz2,updates.20250706.0700.bz2,300631,398b43eaf6757501c6c6b8272bcc394f9f088b0a72a67318de9b455cd966595b
stage1,route-views.chile,RouteViews,updates,https://archive.routeviews.org/route-views.chile/bgpdata/2025.07/UPDATES/updates.20250706.0715.bz2,updates.20250706.0715.bz2,332135,de5a725d04311af9300688a8c23f44199cdad711bc2437dbe1787a06a8660efa
stage1,route-views.chile,RouteViews,updates,https://archive.routeviews.org/route-views.chile/bgpdata/2025.07/UPDATES/updates.20250706.0730.bz2,updates.20250706.0730.bz2,346190,cbd1f06cacd7e9ce5e6151d7316dd57c1fe3fb2b4d1325b1c8f61cdbaeab66ee
stage1,route-views.chile,RouteViews,updates,https://archive.routeviews.org/route-views.chile/bgpdata/2025.07/UPDATES/updates.20250706.0745.bz2,updates.20250706.0745.bz2,273627,9db41b8041d3bb41930fadc4e90fd95ebb62b0298a312061f5930943ff2dcad7
stage1,route-views.chile,RouteViews,updates,https://archive.routeviews.org/route-views.chile/bgpdata/2025.07/UPDATES/updates.20250706.0800.bz2,updates.20250706.0800.bz2,498653,d95f3b1bd6c240d49b2e00b74a0a86fa7e15e627e4402f5b1b97449708ba04b5
stage1,route-views.chile,RouteViews,updates,https://archive.routeviews.org/route-views.chile/bgpdata/2025.07/UPDATES/updates.20250706.0815.bz2,updates.20250706.0815.bz2,621298,be53a9ce802971789115778496cc11fff33c3cb5aac91904531d9a932582ac76
stage1,route-views.chile,RouteViews,updates,https://archive.routeviews.org/route-views.chile/bgpdata/2025.07/UPDATES/updates.20250706.0830.bz2,updates.20250706.0830.bz2,283707,05a21b7baa5d3f2f1ddd365d9b16a0e53ff307687bcd88efbc1f6947ab399dcd
stage1,route-views.chile,RouteViews,updates,https://archive.routeviews.org/route-views.chile/bgpdata/2025.07/UPDATES/updates.20250706.0845.bz2,updates.20250706.0845.bz2,279263,2447de6c38cfda8b24b3dbd1ddeeffc91db537b061903623013506cd3b899f95
stage1,route-views.chile,RouteViews,updates,https://archive.routeviews.org/route-views.chile/bgpdata/2025.07/UPDATES/updates.20250706.0900.bz2,updates.20250706.0900.bz2,277587,c0f7353b6882e749a5666c611f7e943dfd5b31c278436d13c0701ca7688e0f7a
stage1,route-views.chile,RouteViews,updates,https://archive.routeviews.org/route-views.chile/bgpdata/2025.07/UPDATES/updates.20250706.0915.bz2,updates.20250706.0915.bz2,349371,11477d455ada05a2ef6126ed962eb7c004546490652a6afbeedd2a7b591809bd
stage1,route-views.chile,RouteViews,updates,https://archive.routeviews.org/route-views.chile/bgpdata/2025.07/UPDATES/updates.20250706.0930.bz2,updates.20250706.0930.bz2,303225,ec6a35b44cb5a3c3219ecfb568e723998942b2493e376cbc7a91a23f727a1370
stage1,route-views.chile,RouteViews,updates,https://archive.routeviews.org/route-views.chile/bgpdata/2025.07/UPDATES/updates.20250706.0945.bz2,updates.20250706.0945.bz2,365855,948790e69ef10f1364cfafa2c317948afa0ccb869867fde77ed33f9c13222539
stage1,route-views.chile,RouteViews,updates,https://archive.routeviews.org/route-views.chile/bgpdata/2025.07/UPDATES/updates.20250706.1000.bz2,updates.20250706.1000.bz2,271832,82155ed042110d1afacf06f0b6043e55379217106120247d8e0949c99ec94502
stage1,route-views.chile,RouteViews,updates,https://archive.routeviews.org/route-views.chile/bgpdata/2025.07/UPDATES/updates.20250706.1015.bz2,updates.20250706.1015.bz2,267413,1c8d9744158c9ac504940084f45ab9920a67d694df3920eb81042503183c5644
stage1,route-views.chile,RouteViews,updates,https://archive.routeviews.org/route-views.chile/bgpdata/2025.07/UPDATES/updates.20250706.1030.bz2,updates.20250706.1030.bz2,260495,a6a8f975a1690d530a46b838378ba8c1d413b6b9ae254a2de71367f55fb7ecda
stage1,route-views.chile,RouteViews,updates,https://archive.routeviews.org/route-views.chile/bgpdata/2025.07/UPDATES/updates.20250706.1045.bz2,updates.20250706.1045.bz2,249370,f016e6c229356ef4f588c01a19c675564a056d1eda17f8456c295fef9f1af0ff
stage1,route-views.chile,RouteViews,updates,https://archive.routeviews.org/route-views.chile/bgpdata/2025.07/UPDATES/updates.20250706.1100.bz2,updates.20250706.1100.bz2,264423,8367a042493d44436787b7da2ad7508994d2fbc118e0552cabfbf374fc04c3bb
stage1,route-views.chile,RouteViews,updates,https://archive.routeviews.org/route-views.chile/bgpdata/2025.07/UPDATES/updates.20250706.1115.bz2,updates.20250706.1115.bz2,318391,4399bf246e92fc9ea6ede038c2e88a939c8321ebdfc1beb72aa6f56c7e528336
stage1,route-views.chile,RouteViews,updates,https://archive.routeviews.org/route-views.chile/bgpdata/2025.07/UPDATES/updates.20250706.1130.bz2,updates.20250706.1130.bz2,473584,345cd03623673daad63046c46e30909e81e86f8161167bff6b3de8567e377568
stage1,route-views.chile,RouteViews,updates,https://archive.routeviews.org/route-views.chile/bgpdata/2025.07/UPDATES/updates.20250706.1145.bz2,updates.20250706.1145.bz2,310695,6c43ba2861e489cad137347f0a4aa9a1b7618593daabfbfbedfe2f37d45e1a07
stage1,route-views.chile,RouteViews,updates,https://archive.routeviews.org/route-views.chile/bgpdata/2025.07/UPDATES/updates.20250706.1200.bz2,updates.20250706.1200.bz2,355678,6ebd6640b65ac7d2c962542edc71726aceb00746195e99804fa94a1cc8ac5b2a
stage1,route-views.chile,RouteViews,updates,https://archive.routeviews.org/route-views.chile/bgpdata/2025.07/UPDATES/updates.20250706.1215.bz2,updates.20250706.1215.bz2,313931,759788dd57b4ba45c068ae780873d2c7c31fff1acfdd0a3892278d592de35468
stage1,route-views.chile,RouteViews,updates,https://archive.routeviews.org/route-views.chile/bgpdata/2025.07/UPDATES/updates.20250706.1230.bz2,updates.20250706.1230.bz2,247414,2cb8f8ec711a87a2be98a82658d94c2becbc6c5fb00a2a675f59231b4f53998a
stage1,route-views.chile,RouteViews,updates,https://archive.routeviews.org/route-views.chile/bgpdata/2025.07/UPDATES/updates.20250706.1245.bz2,updates.20250706.1245.bz2,279072,8f897cc25cd211dffa560ddecee484d92311cd747d646f9788ab0decf64649b2
stage1,route-views.chile,RouteViews,updates,https://archive.routeviews.org/route-views.chile/bgpdata/2025.07/UPDATES/updates.20250706.1300.bz2,updates.20250706.1300.bz2,289076,88fbed0daede36eefc9278f39bc47e0a79f890e7041f04e74b128372fe4c0af2
stage1,route-views.chile,RouteViews,updates,https://archive.routeviews.org/route-views.chile/bgpdata/2025.07/UPDATES/updates.20250706.1315.bz2,updates.20250706.1315.bz2,275673,2d3d69cacbd3000c6e30cfd9b216262514d8cba029c9107afc03155cbf226e64
stage1,route-views.chile,RouteViews,updates,https://archive.routeviews.org/route-views.chile/bgpdata/2025.07/UPDATES/updates.20250706.1330.bz2,updates.20250706.1330.bz2,276457,3f461ada98a4033168af615ad5391689794f6ed3b94cf7d64ae8d0ab0c47e428
stage1,route-views.chile,RouteViews,updates,https://archive.routeviews.org/route-views.chile/bgpdata/2025.07/UPDATES/updates.20250706.1345.bz2,updates.20250706.1345.bz2,7307198,4b907ecd3881005f3241437e9ad57160f1c133636c75846dd3f3f6b124d0d139
stage1,route-views.chile,RouteViews,updates,https://archive.routeviews.org/route-views.chile/bgpdata/2025.07/UPDATES/updates.20250706.1400.bz2,updates.20250706.1400.bz2,3483076,55d2da84f2e892ea2a5d3e3d5d97d047e38b9f59a2aa4f19ba46a9d6de11e4c0
stage1,route-views.chile,RouteViews,updates,https://archive.routeviews.org/route-views.chile/bgpdata/2025.07/UPDATES/updates.20250706.1415.bz2,updates.20250706.1415.bz2,300803,f9a1f84915a95975e89e8cd04863bd269559e75fc544a304a6ca03296f485ebc
stage1,route-views.chile,RouteViews,updates,https://archive.routeviews.org/route-views.chile/bgpdata/2025.07/UPDATES/updates.20250706.1430.bz2,updates.20250706.1430.bz2,612808,a092fffbace1cf9f606126ec57851eb312563bea5a7da48c1f10d5e512e89583
stage1,route-views.chile,RouteViews,updates,https://archive.routeviews.org/route-views.chile/bgpdata/2025.07/UPDATES/updates.20250706.1445.bz2,updates.20250706.1445.bz2,393672,2ca575d5007183f72c26bd2e59e8ec2284554590427ec59757a1eacf425fc286
stage1,route-views.chile,RouteViews,updates,https://archive.routeviews.org/route-views.chile/bgpdata/2025.07/UPDATES/updates.20250706.1500.bz2,updates.20250706.1500.bz2,304726,8730776a2ef6327897059e94d84f38cb734eeaf6b691b3ea5ff62026cd011235
stage1,route-views.chile,RouteViews,updates,https://archive.routeviews.org/route-views.chile/bgpdata/2025.07/UPDATES/updates.20250706.1515.bz2,updates.20250706.1515.bz2,399252,3eba7ba7a77ebcf70a9f9821abc01d33e5a61d0ed737e7867ef4066d9f73bb8c
stage1,route-views.chile,RouteViews,updates,https://archive.routeviews.org/route-views.chile/bgpdata/2025.07/UPDATES/updates.20250706.1530.bz2,updates.20250706.1530.bz2,266817,5375d88369311d691adb62e955d11957f9a9e111ebbad11220139a23d0bd0457
stage1,route-views.chile,RouteViews,updates,https://archive.routeviews.org/route-views.chile/bgpdata/2025.07/UPDATES/updates.20250706.1545.bz2,updates.20250706.1545.bz2,246252,83d37803a1a12de5be8249b1a18de16eadc3a2723fc0791734722242c79201c3
stage1,route-views.chile,RouteViews,updates,https://archive.routeviews.org/route-views.chile/bgpdata/2025.07/UPDATES/updates.20250706.1600.bz2,updates.20250706.1600.bz2,296735,e0a3bdedbf493068060318643bcfcc24025518fff0a0314c0270e19d021d264b
stage1,route-views.chile,RouteViews,updates,https://archive.routeviews.org/route-views.chile/bgpdata/2025.07/UPDATES/updates.20250706.1615.bz2,updates.20250706.1615.bz2,282331,08fdc504e448f2cc61aed8e2ea25ba53e133df2948d2cdc3f27e458b03a089c9
stage1,route-views.chile,RouteViews,updates,https://archive.routeviews.org/route-views.chile/bgpdata/2025.07/UPDATES/updates.20250706.1630.bz2,updates.20250706.1630.bz2,269782,ed6472a2b70d4f335574f479c724474252329724b91e25e790de8c7f3407a22f
stage1,route-views.chile,RouteViews,updates,https://archive.routeviews.org/route-views.chile/bgpdata/2025.07/UPDATES/updates.20250706.1645.bz2,updates.20250706.1645.bz2,3013311,6ca31b983389da0a630902b032104d6a6fe5846c7d5fb2838283ee19414ae7c9
stage1,route-views.chile,RouteViews,updates,https://archive.routeviews.org/route-views.chile/bgpdata/2025.07/UPDATES/updates.20250706.1700.bz2,updates.20250706.1700.bz2,321835,6a3ce0ea9bf45843a15732e486296b8235f2f18afc4df539208a71012f7e7423
stage1,route-views.chile,RouteViews,updates,https://archive.routeviews.org/route-views.chile/bgpdata/2025.07/UPDATES/updates.20250706.1715.bz2,updates.20250706.1715.bz2,277590,9ecfacb1e442f01e964209483f856b8afeb8f9d21dab05d90f7334ecafc7e770
stage1,route-views.chile,RouteViews,updates,https://archive.routeviews.org/route-views.chile/bgpdata/2025.07/UPDATES/updates.20250706.1730.bz2,updates.20250706.1730.bz2,357167,de7f337ec20418b1c0be3a6c47e122e18430653fa3b9d57808d7b1a0c319f7a1
stage1,route-views.chile,RouteViews,updates,https://archive.routeviews.org/route-views.chile/bgpdata/2025.07/UPDATES/updates.20250706.1745.bz2,updates.20250706.1745.bz2,277957,d9f9f1094e05911335de0f6be4c640de2461211324c09090050f5e27115d6d72
stage1,route-views.chile,RouteViews,updates,https://archive.routeviews.org/route-views.chile/bgpdata/2025.07/UPDATES/updates.20250706.1800.bz2,updates.20250706.1800.bz2,356496,a7fa63845521b5207c98b2937b9cc02c66261e6d6c8ff46f183e03439af4a5d2
stage1,route-views.chile,RouteViews,updates,https://archive.routeviews.org/route-views.chile/bgpdata/2025.07/UPDATES/updates.20250706.1815.bz2,updates.20250706.1815.bz2,324348,57dc0caff388fae0e7e978e976ae652601ffff14babeb17e1c4af145f5e3e16a
stage1,route-views.chile,RouteViews,updates,https://archive.routeviews.org/route-views.chile/bgpdata/2025.07/UPDATES/updates.20250706.1830.bz2,updates.20250706.1830.bz2,268320,5951b4634d00cdc6922fa7082d4b8fa1f49204c179c1df87c20791036d72da12
stage1,route-views.chile,RouteViews,updates,https://archive.routeviews.org/route-views.chile/bgpdata/2025.07/UPDATES/updates.20250706.1845.bz2,updates.20250706.1845.bz2,240412,aeed4b2f6966b75a9b44ed667f45cfcf7034167c5d2d1da29fa1974f3f5612b4
stage1,route-views.chile,RouteViews,updates,https://archive.routeviews.org/route-views.chile/bgpdata/2025.07/UPDATES/updates.20250706.1900.bz2,updates.20250706.1900.bz2,300603,b28646a9c14f2881b40b23774061cdf0d816f823dc7979790aa2bc3ce0541c43
stage1,route-views.chile,RouteViews,updates,https://archive.routeviews.org/route-views.chile/bgpdata/2025.07/UPDATES/updates.20250706.1915.bz2,updates.20250706.1915.bz2,247003,a033af2c3ed0f8a1336b3d742477ad9a930db1c8d6d8587ed3781c0d1351ed54
stage1,route-views.chile,RouteViews,updates,https://archive.routeviews.org/route-views.chile/bgpdata/2025.07/UPDATES/updates.20250706.1930.bz2,updates.20250706.1930.bz2,277565,eb18dc569435e06efb0baf8c94cf3023da9b3b329b09876c6b1dcc4077f72686
stage1,route-views.chile,RouteViews,updates,https://archive.routeviews.org/route-views.chile/bgpdata/2025.07/UPDATES/updates.20250706.1945.bz2,updates.20250706.1945.bz2,267741,1b0f1f227f5835d1bdf28aaf55f7250e60e87f6e87ab0c8aef4124cba2f6edda
stage1,route-views.chile,RouteViews,updates,https://archive.routeviews.org/route-views.chile/bgpdata/2025.07/UPDATES/updates.20250706.2000.bz2,updates.20250706.2000.bz2,292104,b8394f9b83ae48cb697f4003f570ea59e17be49533843185834011c27282146f
stage1,route-views.chile,RouteViews,updates,https://archive.routeviews.org/route-views.chile/bgpdata/2025.07/UPDATES/updates.20250706.2015.bz2,updates.20250706.2015.bz2,601941,6496784bfb538420565f4cefe98a259d7cc716a7049c2347253dbbe11b1674b3
stage1,route-views.chile,RouteViews,updates,https://archive.routeviews.org/route-views.chile/bgpdata/2025.07/UPDATES/updates.20250706.2030.bz2,updates.20250706.2030.bz2,395405,151e2e8fd910dd2c6266b12d40445e5b809201aa9f66066ec26ba435bd915d8b
stage1,route-views.chile,RouteViews,updates,https://archive.routeviews.org/route-views.chile/bgpdata/2025.07/UPDATES/updates.20250706.2045.bz2,updates.20250706.2045.bz2,379175,acb20efde16751c96f08f4af3fbccb6211a48659d2b11af22140b198d7450c04
stage1,route-views.chile,RouteViews,updates,https://archive.routeviews.org/route-views.chile/bgpdata/2025.07/UPDATES/updates.20250706.2100.bz2,updates.20250706.2100.bz2,293093,90ce59a00b21d7742ed8571660ab37ec9edb428a83ea053f09c6e51fc1a8743b
stage1,route-views.chile,RouteViews,updates,https://archive.routeviews.org/route-views.chile/bgpdata/2025.07/UPDATES/updates.20250706.2115.bz2,updates.20250706.2115.bz2,789665,3915c73072abbd2e03a527f6b152de02a9e235b170e966d32b78fc1506161427
stage1,route-views.chile,RouteViews,updates,https://archive.routeviews.org/route-views.chile/bgpdata/2025.07/UPDATES/updates.20250706.2130.bz2,updates.20250706.2130.bz2,275874,c9374f8f609d48aeeab68ef5c58cda7a16c6283ae24126818c78aa9f1343c8f9
stage1,route-views.chile,RouteViews,updates,https://archive.routeviews.org/route-views.chile/bgpdata/2025.07/UPDATES/updates.20250706.2145.bz2,updates.20250706.2145.bz2,262016,a927400cb4ffbdd3755109020b2a9a39cee135995065bfc75de9a1d76b19995b
stage1,route-views.chile,RouteViews,updates,https://archive.routeviews.org/route-views.chile/bgpdata/2025.07/UPDATES/updates.20250706.2200.bz2,updates.20250706.2200.bz2,268501,e373dc6f34898a09b97aa0c5bc71d01b6fab179c83fd657f56ae6c420d5c800e
stage1,route-views.chile,RouteViews,updates,https://archive.routeviews.org/route-views.chile/bgpdata/2025.07/UPDATES/updates.20250706.2215.bz2,updates.20250706.2215.bz2,248413,f01edcb7b9ab11fd5d3ee6e5cd3b7928cdf0acf3904124ff0e6df5c95ca7e479
stage1,route-views.chile,RouteViews,updates,https://archive.routeviews.org/route-views.chile/bgpdata/2025.07/UPDATES/updates.20250706.2230.bz2,updates.20250706.2230.bz2,260931,82a9d582d35722084231a6577ef6ad0b63e037843e4f52899f385b5e656570a5
stage1,route-views.chile,RouteViews,updates,https://archive.routeviews.org/route-views.chile/bgpdata/2025.07/UPDATES/updates.20250706.2245.bz2,updates.20250706.2245.bz2,231629,fcda4b5eb94bf9f0150810e0e1c0dceccf4f3f09e1710bdc29488da4ebe8e5c9
stage1,route-views.chile,RouteViews,updates,https://archive.routeviews.org/route-views.chile/bgpdata/2025.07/UPDATES/updates.20250706.2300.bz2,updates.20250706.2300.bz2,234658,cb2aefd22ee5e16bd56d3efa8ed7fa9067ff28355547e6afffb9fe788df6f1a8
stage1,route-views.chile,RouteViews,updates,https://archive.routeviews.org/route-views.chile/bgpdata/2025.07/UPDATES/updates.20250706.2315.bz2,updates.20250706.2315.bz2,263220,54c415451b7de096499681413c4be72bee07240e148286afda0abac8bcfe810c
stage1,route-views.chile,RouteViews,updates,https://archive.routeviews.org/route-views.chile/bgpdata/2025.07/UPDATES/updates.20250706.2330.bz2,updates.20250706.2330.bz2,516984,f55de9d109d7380d3122029fa0675f4937089d39e5380659ed2b12a4c9f2b13a
stage1,route-views.chile,RouteViews,updates,https://archive.routeviews.org/route-views.chile/bgpdata/2025.07/UPDATES/updates.20250706.2345.bz2,updates.20250706.2345.bz2,948458,60498042eda54e0fc9a5835ef591c25f59d7b9813d8029015dbf6ed8a84ee774
stage1,rrc06,RIPE RIS,updates,https://data.ris.ripe.net/rrc06/2025.07/updates.20250706.0200.gz,updates.20250706.0200.gz,204723,3f1295c4dcbd201ca86de0f276ba468ced563aeb0ac48e0813eab5aaee0642ea
stage1,rrc06,RIPE RIS,updates,https://data.ris.ripe.net/rrc06/2025.07/updates.20250706.0205.gz,updates.20250706.0205.gz,182234,de577ad757adee82b2e34d7de2273d45915637d0438c6707430e09e17509ddb5
stage1,rrc06,RIPE RIS,updates,https://data.ris.ripe.net/rrc06/2025.07/updates.20250706.0210.gz,updates.20250706.0210.gz,188412,ac1803f2f0cdc4e0c7af01f5287bae4790741687e871e86e713f2077dc8be841
stage1,rrc06,RIPE RIS,updates,https://data.ris.ripe.net/rrc06/2025.07/updates.20250706.0215.gz,updates.20250706.0215.gz,190873,15ec7ec75cf0cd6d6f1280fcf28775f2286673e93649072c3754ae499f8d4b27
stage1,rrc06,RIPE RIS,updates,https://data.ris.ripe.net/rrc06/2025.07/updates.20250706.0220.gz,updates.20250706.0220.gz,173614,74e4ed008991b2e8dbd09a1347b932e35e161c72f8625e41c3898627d512dfa6
stage1,rrc06,RIPE RIS,updates,https://data.ris.ripe.net/rrc06/2025.07/updates.20250706.0225.gz,updates.20250706.0225.gz,198196,5716a0e8f8be4126f62962d2c8e8b12a9145a65a2c4a4d83130e4d0d7c7d9ed9
stage1,rrc06,RIPE RIS,updates,https://data.ris.ripe.net/rrc06/2025.07/updates.20250706.0230.gz,updates.20250706.0230.gz,198836,37e5f49a8ac8751534387abb0c9bc93ad64db5c9aac084bc1be9c5dc5bde1687
stage1,rrc06,RIPE RIS,updates,https://data.ris.ripe.net/rrc06/2025.07/updates.20250706.0235.gz,updates.20250706.0235.gz,188353,73a7c65aeec8ab7a783256b5e4fe58c4293a90efeed79df238663c353afc3abd
stage1,rrc06,RIPE RIS,updates,https://data.ris.ripe.net/rrc06/2025.07/updates.20250706.0240.gz,updates.20250706.0240.gz,181363,ef0f19818778fc552a4daba456b59396be58a52bef3b236f13a86bcd73ed2266
stage1,rrc06,RIPE RIS,updates,https://data.ris.ripe.net/rrc06/2025.07/updates.20250706.0245.gz,updates.20250706.0245.gz,199230,3644961578d951d60ae9d850a80fca562df2eeb3ed67ac9cca357a239722cec3
stage1,rrc06,RIPE RIS,updates,https://data.ris.ripe.net/rrc06/2025.07/updates.20250706.0250.gz,updates.20250706.0250.gz,239515,890cefc34ba67c3cec16927166993e84446004b4fb5dcd0d8ff6781797357839
stage1,rrc06,RIPE RIS,updates,https://data.ris.ripe.net/rrc06/2025.07/updates.20250706.0255.gz,updates.20250706.0255.gz,217291,77b0439e3ecb965ee6400b195e827978f3c18ac562a2840921689bea33dda6e2
stage1,rrc06,RIPE RIS,updates,https://data.ris.ripe.net/rrc06/2025.07/updates.20250706.0300.gz,updates.20250706.0300.gz,184494,41135474f3d3d949213c9b3f1b38e719c5149db01d0784f7919c974b0952aa30
stage1,rrc06,RIPE RIS,updates,https://data.ris.ripe.net/rrc06/2025.07/updates.20250706.0305.gz,updates.20250706.0305.gz,208362,d1648f5fe612b04c0f7556f571a58a99481ee363ac6cc19d3f07312f5655819e
stage1,rrc06,RIPE RIS,updates,https://data.ris.ripe.net/rrc06/2025.07/updates.20250706.0310.gz,updates.20250706.0310.gz,192387,e967c74f0539411db809c4bdcf2be50bb0dbb199706045d53b7d3cc3d17c5a1e
stage1,rrc06,RIPE RIS,updates,https://data.ris.ripe.net/rrc06/2025.07/updates.20250706.0315.gz,updates.20250706.0315.gz,189887,bb2354e4d3a37f52f4f0a8120516bb1b53ba6e5c720034999cc4b28f5fbbdda6
stage1,rrc06,RIPE RIS,updates,https://data.ris.ripe.net/rrc06/2025.07/updates.20250706.0320.gz,updates.20250706.0320.gz,215300,d9a432974c0490b23c698149dee2fe4e1db5bc83e2f146a9417be9e19d33aedd
stage1,rrc06,RIPE RIS,updates,https://data.ris.ripe.net/rrc06/2025.07/updates.20250706.0325.gz,updates.20250706.0325.gz,181400,1b01596e003442b8429e682d47dc3c39a44d0edb5b9481e1b289021eac27de9e
stage1,rrc06,RIPE RIS,updates,https://data.ris.ripe.net/rrc06/2025.07/updates.20250706.0330.gz,updates.20250706.0330.gz,165332,17a7c67b9a10fa593c7490e6181963f7913c6bb9b1615713927d4897458b7998
stage1,rrc06,RIPE RIS,updates,https://data.ris.ripe.net/rrc06/2025.07/updates.20250706.0335.gz,updates.20250706.0335.gz,192116,b110dce496dfe96b2ab2920b418705510fc41892aa0dee767a310b7e3eff4bbb
stage1,rrc06,RIPE RIS,updates,https://data.ris.ripe.net/rrc06/2025.07/updates.20250706.0340.gz,updates.20250706.0340.gz,190730,c11174b0a58ee852add3acf986faf6ac203e1c16844657b06b81810a9e021ec7
stage1,rrc06,RIPE RIS,updates,https://data.ris.ripe.net/rrc06/2025.07/updates.20250706.0345.gz,updates.20250706.0345.gz,187501,6d95d27de746b5bcaf94c757956fdd1cda440b0a06c0e0dcf512dd4af9097cc4
stage1,rrc06,RIPE RIS,updates,https://data.ris.ripe.net/rrc06/2025.07/updates.20250706.0350.gz,updates.20250706.0350.gz,215419,f2d0c7a8ae4e7881aea16f5e249b0c07e1cd30b25a7cf0e7b8e2d9e665579bf5
stage1,rrc06,RIPE RIS,updates,https://data.ris.ripe.net/rrc06/2025.07/updates.20250706.0355.gz,updates.20250706.0355.gz,225051,30b0241cacee6f3b175ccd0ed7c9b1a555040ceba3ddf384e459ac0403914580
stage1,rrc06,RIPE RIS,updates,https://data.ris.ripe.net/rrc06/2025.07/updates.20250706.0400.gz,updates.20250706.0400.gz,210221,eb8426d2da2dd4dd9f8d51d5d8e4efa2e91325840986f4f6f9a16656499b2669
stage1,rrc06,RIPE RIS,updates,https://data.ris.ripe.net/rrc06/2025.07/updates.20250706.0405.gz,updates.20250706.0405.gz,184201,474da6c6407c5715747c8624dfbb50716bfbc54c16e807ee57084a60ff687cd0
stage1,rrc06,RIPE RIS,updates,https://data.ris.ripe.net/rrc06/2025.07/updates.20250706.0410.gz,updates.20250706.0410.gz,222946,fb7ec677b7b15fa0142bb50a0c5efda11b625ebb3695d7021be7761e7573f3e0
stage1,rrc06,RIPE RIS,updates,https://data.ris.ripe.net/rrc06/2025.07/updates.20250706.0415.gz,updates.20250706.0415.gz,193925,3dc3bb2f9fb7f4bb9bc338a2415f831f396cd84329d3b27169433d0aecd0b5a1
stage1,rrc06,RIPE RIS,updates,https://data.ris.ripe.net/rrc06/2025.07/updates.20250706.0420.gz,updates.20250706.0420.gz,234182,ebf7ba2ab8597c3972d80bde19e9bf5b2844c72abbc6c444aa6242ec545e98a2
stage1,rrc06,RIPE RIS,updates,https://data.ris.ripe.net/rrc06/2025.07/updates.20250706.0425.gz,updates.20250706.0425.gz,207429,5b1b9bf1282578c17df588bb790f811584e2019218d7c449def6337131c9ba50
stage1,rrc06,RIPE RIS,updates,https://data.ris.ripe.net/rrc06/2025.07/updates.20250706.0430.gz,updates.20250706.0430.gz,224583,948959cce466bc209fad29f7199ea6f977f9f60973f82afaaeaeb5186c83a0e4
stage1,rrc06,RIPE RIS,updates,https://data.ris.ripe.net/rrc06/2025.07/updates.20250706.0435.gz,updates.20250706.0435.gz,258966,071f950eb73befe6031c536657ed758745c34bc4a13c17e4908fc91e6dfae6e6
stage1,rrc06,RIPE RIS,updates,https://data.ris.ripe.net/rrc06/2025.07/updates.20250706.0440.gz,updates.20250706.0440.gz,200041,e2035b47501c083acd41a4092167a5081a5cd765f0472c3886ad985731721077
stage1,rrc06,RIPE RIS,updates,https://data.ris.ripe.net/rrc06/2025.07/updates.20250706.0445.gz,updates.20250706.0445.gz,208989,ae37a3e32624a0bf9ff9f00c6b7649557333e73f17e4534e1b322545fbe9a4c0
stage1,rrc06,RIPE RIS,updates,https://data.ris.ripe.net/rrc06/2025.07/updates.20250706.0450.gz,updates.20250706.0450.gz,218734,783d0fe135ec14e638719219fdc575edee26a205bed015282072c267cf79f0c1
stage1,rrc06,RIPE RIS,updates,https://data.ris.ripe.net/rrc06/2025.07/updates.20250706.0455.gz,updates.20250706.0455.gz,218564,f840e9432c58f312ee1f89647ce6c06790b2d13e22e74cf21a73ac02bb552a15
stage1,rrc06,RIPE RIS,updates,https://data.ris.ripe.net/rrc06/2025.07/updates.20250706.0500.gz,updates.20250706.0500.gz,204560,b6d9623a151fa2335eca05e447be00f8649271af8618c76faefc378ba6aa83dc
stage1,rrc06,RIPE RIS,updates,https://data.ris.ripe.net/rrc06/2025.07/updates.20250706.0505.gz,updates.20250706.0505.gz,219401,08e23383bd573512ec5b22c63b50e62f2d69a6dc824ff1560b7361169a650706
stage1,rrc06,RIPE RIS,updates,https://data.ris.ripe.net/rrc06/2025.07/updates.20250706.0510.gz,updates.20250706.0510.gz,232593,be7e65bd1782626367383d08cb3e177e365cc42e4130b2fd7eaa52eebe7d2de4
stage1,rrc06,RIPE RIS,updates,https://data.ris.ripe.net/rrc06/2025.07/updates.20250706.0515.gz,updates.20250706.0515.gz,215838,79068a49a902eb77a4d8a3f18f5018eb26488cc7cd5937b4c2442d3ae68ccf43
stage1,rrc06,RIPE RIS,updates,https://data.ris.ripe.net/rrc06/2025.07/updates.20250706.0520.gz,updates.20250706.0520.gz,268459,f7d63c7c4299c005083f22717e2c02ee85cb05db2b6394c5350bb89d8be0bd2a
stage1,rrc06,RIPE RIS,updates,https://data.ris.ripe.net/rrc06/2025.07/updates.20250706.0525.gz,updates.20250706.0525.gz,207793,48f83506d0c881059fa35e1c7c6548196177f8ac44d6a1ec6fcfd3d42eb25ae8
stage1,rrc06,RIPE RIS,updates,https://data.ris.ripe.net/rrc06/2025.07/updates.20250706.0530.gz,updates.20250706.0530.gz,226184,452a718eafe644051950175b394e6d07d467de4612e9f9c252bdb9920ba0a448
stage1,rrc06,RIPE RIS,updates,https://data.ris.ripe.net/rrc06/2025.07/updates.20250706.0535.gz,updates.20250706.0535.gz,189380,f985fd71a7dcf7d8f804731aab06b353a5e5967f7ea38eec01d8902c7baa01d1
stage1,rrc06,RIPE RIS,updates,https://data.ris.ripe.net/rrc06/2025.07/updates.20250706.0540.gz,updates.20250706.0540.gz,225122,4b3cdaee240b340123fb4c60e7df2b96dc4e86b0dde0d0dd8c5ef0d03558460e
stage1,rrc06,RIPE RIS,updates,https://data.ris.ripe.net/rrc06/2025.07/updates.20250706.0545.gz,updates.20250706.0545.gz,201917,5680870f6c708af3f4c69ca05bb41b1c7b2ede000051d5a4c04d9dbc59dfef52
stage1,rrc06,RIPE RIS,updates,https://data.ris.ripe.net/rrc06/2025.07/updates.20250706.0550.gz,updates.20250706.0550.gz,193883,51075534937c45b51df8c895aba5973b34247350c3893e70d489c35b656a6cab
stage1,rrc06,RIPE RIS,updates,https://data.ris.ripe.net/rrc06/2025.07/updates.20250706.0555.gz,updates.20250706.0555.gz,189535,697f400a3abe5a53f369f3339ae2a627782c00d13b743797d92a0feadda0d272
stage1,rrc06,RIPE RIS,updates,https://data.ris.ripe.net/rrc06/2025.07/updates.20250706.0600.gz,updates.20250706.0600.gz,202921,6802166104236903d13a89455f0dfbfb82b178fa61704a1a3e311d626f45e57f
stage1,rrc06,RIPE RIS,updates,https://data.ris.ripe.net/rrc06/2025.07/updates.20250706.0605.gz,updates.20250706.0605.gz,224203,45b5d8e03e0eca1081316be6650aa892ba9f7be41e54f4b3d0530158c6924afd
stage1,rrc06,RIPE RIS,updates,https://data.ris.ripe.net/rrc06/2025.07/updates.20250706.0610.gz,updates.20250706.0610.gz,186429,e7ba72ee8e327d4ed185a094a93d8c0dde1046fe95b9523281dbe6861a643363
stage1,rrc06,RIPE RIS,updates,https://data.ris.ripe.net/rrc06/2025.07/updates.20250706.0615.gz,updates.20250706.0615.gz,196111,94211f8dbe79a4ac15a0a61c724cb5637097162c1ddaf627ef7a288c280fc215
stage1,rrc06,RIPE RIS,updates,https://data.ris.ripe.net/rrc06/2025.07/updates.20250706.0620.gz,updates.20250706.0620.gz,186087,d346f1da3b9c5b2be130881c874f672c32bb66f68f2ccca2c43975c8a2b9ba1d
stage1,rrc06,RIPE RIS,updates,https://data.ris.ripe.net/rrc06/2025.07/updates.20250706.0625.gz,updates.20250706.0625.gz,170087,e7e6928c3c0dcf7d32e6eaeebd6379736b14a49b91ab28bff476e9a3cfa191a5
stage1,rrc06,RIPE RIS,updates,https://data.ris.ripe.net/rrc06/2025.07/updates.20250706.0630.gz,updates.20250706.0630.gz,188483,42492722aa9e25b43cb91e73c26612d322139665b3207b32d39dfce982ab9247
stage1,rrc06,RIPE RIS,updates,https://data.ris.ripe.net/rrc06/2025.07/updates.20250706.0635.gz,updates.20250706.0635.gz,183668,de14014367dce5f2e3481d3d034a118f865acddfe4394ded299e4cd3d2c14795
stage1,rrc06,RIPE RIS,updates,https://data.ris.ripe.net/rrc06/2025.07/updates.20250706.0640.gz,updates.20250706.0640.gz,203588,f713c86be446dd63bfd6d33fedf0a2d10b70a3fe64b139cdc67e49c810ab2d33
stage1,rrc06,RIPE RIS,updates,https://data.ris.ripe.net/rrc06/2025.07/updates.20250706.0645.gz,updates.20250706.0645.gz,162114,0bcc8d5d29ce0e254c476157c4a8302d2622ca64931e6f633d57427594bb56f0
stage1,rrc06,RIPE RIS,updates,https://data.ris.ripe.net/rrc06/2025.07/updates.20250706.0650.gz,updates.20250706.0650.gz,245477,e0beae305cba3bdad0debddf7578af0762f878b1afe416005ebd1446626a938b
stage1,rrc06,RIPE RIS,updates,https://data.ris.ripe.net/rrc06/2025.07/updates.20250706.0655.gz,updates.20250706.0655.gz,212392,4cad47396f20829d4f9a757da259f5e5d175923ba011154a369fcaaac12b3b49
stage1,rrc06,RIPE RIS,updates,https://data.ris.ripe.net/rrc06/2025.07/updates.20250706.0700.gz,updates.20250706.0700.gz,213969,84257648169bee44edf818894319f29e9a82adfa6a1688b565c3c76d4db683e2
stage1,rrc06,RIPE RIS,updates,https://data.ris.ripe.net/rrc06/2025.07/updates.20250706.0705.gz,updates.20250706.0705.gz,205672,44e0bcad7f9b3d135c60511805baf033c4e75331430219eb0e8431da24aa9bc2
stage1,rrc06,RIPE RIS,updates,https://data.ris.ripe.net/rrc06/2025.07/updates.20250706.0710.gz,updates.20250706.0710.gz,216486,d47e6b5edaf18c9f1847d8f1d39caade13b91cfcbbe30aa05f496a274c7ad784
stage1,rrc06,RIPE RIS,updates,https://data.ris.ripe.net/rrc06/2025.07/updates.20250706.0715.gz,updates.20250706.0715.gz,231163,a81c5555f3483d2f27889ee1a77ddb3672e536fc1f6acd4e6ff3b094a0deb148
stage1,rrc06,RIPE RIS,updates,https://data.ris.ripe.net/rrc06/2025.07/updates.20250706.0720.gz,updates.20250706.0720.gz,192835,fd4df479ec9bc730489db34a5e4ca1f8d09606832b7de60a1e30dc3afea1f06b
stage1,rrc06,RIPE RIS,updates,https://data.ris.ripe.net/rrc06/2025.07/updates.20250706.0725.gz,updates.20250706.0725.gz,186095,31c0eaaae92f81677393eb49ede870fdecc9a5a3a9e61df3bd0be41a40bfdebb
stage1,rrc06,RIPE RIS,updates,https://data.ris.ripe.net/rrc06/2025.07/updates.20250706.0730.gz,updates.20250706.0730.gz,194024,a921fea43d874cf3820a70e145186fda9cc8dd5013245326615dfd7e3db9e8f4
stage1,rrc06,RIPE RIS,updates,https://data.ris.ripe.net/rrc06/2025.07/updates.20250706.0735.gz,updates.20250706.0735.gz,181277,c3ee406d18038f81de8a8e4439f4538cbd662aa9eb01f228b81e8e4ada7fad73
stage1,rrc06,RIPE RIS,updates,https://data.ris.ripe.net/rrc06/2025.07/updates.20250706.0740.gz,updates.20250706.0740.gz,195870,eab8ec95ebfca6bfcb3ecab8245b35f259faaa7cf0c779a7a1d178fc28f50dd7
stage1,rrc06,RIPE RIS,updates,https://data.ris.ripe.net/rrc06/2025.07/updates.20250706.0745.gz,updates.20250706.0745.gz,211375,b246b6f49630d68f3ae411bf26faa9dac466adf90eb0f4b5b91a374548bd95c1
stage1,rrc06,RIPE RIS,updates,https://data.ris.ripe.net/rrc06/2025.07/updates.20250706.0750.gz,updates.20250706.0750.gz,202357,c85a1137eb5454a95154668e7cee15d1fa16f914b60a8fdcb5bd8b898e1b580a
stage1,rrc06,RIPE RIS,updates,https://data.ris.ripe.net/rrc06/2025.07/updates.20250706.0755.gz,updates.20250706.0755.gz,192877,afe0cbaf84729e45c6bd2c3ececf488ab9d354a8f1f924cd25f79ca016df996d
stage1,rrc06,RIPE RIS,updates,https://data.ris.ripe.net/rrc06/2025.07/updates.20250706.0800.gz,updates.20250706.0800.gz,253462,d02df1b455cd8365a719be78fee38c2291a6c344d32fd04f06d23d326050edc3
stage1,rrc06,RIPE RIS,updates,https://data.ris.ripe.net/rrc06/2025.07/updates.20250706.0805.gz,updates.20250706.0805.gz,174557,388299803ba532b8e9ec332334a8da0cc77e56ed6f4f98eac7a421ff291aaf56
stage1,rrc06,RIPE RIS,updates,https://data.ris.ripe.net/rrc06/2025.07/updates.20250706.0810.gz,updates.20250706.0810.gz,215509,74c4079e866866ede0fada0447721f13094bcf6dfabef5a8290025bb7fd81238
stage1,rrc06,RIPE RIS,updates,https://data.ris.ripe.net/rrc06/2025.07/updates.20250706.0815.gz,updates.20250706.0815.gz,203646,9c9947191e5053545ed0757c9552333de685c7b369c9d565b8c46efae0280a67
stage1,rrc06,RIPE RIS,updates,https://data.ris.ripe.net/rrc06/2025.07/updates.20250706.0820.gz,updates.20250706.0820.gz,236876,8326d5c5a6117155229c3f2e6acdd96ec6d322ddbf34140e394e7f077c0d8692
stage1,rrc06,RIPE RIS,updates,https://data.ris.ripe.net/rrc06/2025.07/updates.20250706.0825.gz,updates.20250706.0825.gz,180188,0d53990bc7cbf089b5552e8536579d26ff0cd040407013ed745e74c3322bca06
stage1,rrc06,RIPE RIS,updates,https://data.ris.ripe.net/rrc06/2025.07/updates.20250706.0830.gz,updates.20250706.0830.gz,174362,403c8aafa9e1e04b9fe485deca65ef4330b2562b7a8bc63341e7fe2f5e48a521
stage1,rrc06,RIPE RIS,updates,https://data.ris.ripe.net/rrc06/2025.07/updates.20250706.0835.gz,updates.20250706.0835.gz,199932,c9055853e933e56f5bed5d8e3042c11301cd25697d75adc8beac28f2295c66a2
stage1,rrc06,RIPE RIS,updates,https://data.ris.ripe.net/rrc06/2025.07/updates.20250706.0840.gz,updates.20250706.0840.gz,239938,d4357f2cc1d096765cbdb3d0d5b654050a94cf1125f94c488196204fd1d2ce9e
stage1,rrc06,RIPE RIS,updates,https://data.ris.ripe.net/rrc06/2025.07/updates.20250706.0845.gz,updates.20250706.0845.gz,221843,69f2ba057a60b6612e3ff80fe24da46ecd582e660a2091dda7b6a7017e80003e
stage1,rrc06,RIPE RIS,updates,https://data.ris.ripe.net/rrc06/2025.07/updates.20250706.0850.gz,updates.20250706.0850.gz,231142,2579237ec64c6e0d5801dfacb266684b035c610711216cc887bf7810259691a6
stage1,rrc06,RIPE RIS,updates,https://data.ris.ripe.net/rrc06/2025.07/updates.20250706.0855.gz,updates.20250706.0855.gz,182961,417f71728f1762a666f7cc81d4a2d8a309ca2548b4d79c9e77794763af333c30
stage1,rrc06,RIPE RIS,updates,https://data.ris.ripe.net/rrc06/2025.07/updates.20250706.0900.gz,updates.20250706.0900.gz,203540,ee324b2b5716fd320962ae4873ca376a7a786051cc184be2f658281b3d9bc1d0
stage1,rrc06,RIPE RIS,updates,https://data.ris.ripe.net/rrc06/2025.07/updates.20250706.0905.gz,updates.20250706.0905.gz,203405,52937aa60407b3e36e2a1c91b07e3b7ac19a4528582becfa01681512b91e5e91
stage1,rrc06,RIPE RIS,updates,https://data.ris.ripe.net/rrc06/2025.07/updates.20250706.0910.gz,updates.20250706.0910.gz,211794,cce0e263011cb1aa70cd6e1bf402d6bca73141254b19db5826a46a31e3890a63
stage1,rrc06,RIPE RIS,updates,https://data.ris.ripe.net/rrc06/2025.07/updates.20250706.0915.gz,updates.20250706.0915.gz,197472,3cb04ed129fb5ddce7de0847a6c7b1b9acf98733ada22d392e3430c3f4cf6e05
stage1,rrc06,RIPE RIS,updates,https://data.ris.ripe.net/rrc06/2025.07/updates.20250706.0920.gz,updates.20250706.0920.gz,202003,78487ccdb826f22826de76efe0f85e8394c3c632fe4453f12f1759b4dd068596
stage1,rrc06,RIPE RIS,updates,https://data.ris.ripe.net/rrc06/2025.07/updates.20250706.0925.gz,updates.20250706.0925.gz,194988,6f23b8e59dd0ec055ce82a74e5cdb39745e6b9795778b372e88e07f1eaa6c223
stage1,rrc06,RIPE RIS,updates,https://data.ris.ripe.net/rrc06/2025.07/updates.20250706.0930.gz,updates.20250706.0930.gz,202707,dbabffd369b17035081851b9e6c27d26a325c4eb4e7e0104645b080b26887df5
stage1,rrc06,RIPE RIS,updates,https://data.ris.ripe.net/rrc06/2025.07/updates.20250706.0935.gz,updates.20250706.0935.gz,242805,033445dec5668d5da7e2f6e926fba3478f5ae6e1f1b94b028a38406365029354
stage1,rrc06,RIPE RIS,updates,https://data.ris.ripe.net/rrc06/2025.07/updates.20250706.0940.gz,updates.20250706.0940.gz,235303,6c435cdf8cafd1690af5c5907eaebe0a48989823d16ebbe627ca2064a67e9e0e
stage1,rrc06,RIPE RIS,updates,https://data.ris.ripe.net/rrc06/2025.07/updates.20250706.0945.gz,updates.20250706.0945.gz,175023,5eaf1ff4c7c01f30dee71342e8b8498b77f35c7798b2d6faaaee8084ecfb2db9
stage1,rrc06,RIPE RIS,updates,https://data.ris.ripe.net/rrc06/2025.07/updates.20250706.0950.gz,updates.20250706.0950.gz,274904,da12c027e24786fbd3e8dd57db2792f801b89a43625437891e87b6106c254730
stage1,rrc06,RIPE RIS,updates,https://data.ris.ripe.net/rrc06/2025.07/updates.20250706.0955.gz,updates.20250706.0955.gz,202879,712feb15d1362496dd850c4183b609fd8897f95186fc58084aa165f90936af26
stage1,rrc06,RIPE RIS,updates,https://data.ris.ripe.net/rrc06/2025.07/updates.20250706.1000.gz,updates.20250706.1000.gz,264447,1836c434e43a44c303616b8516cdd0892eba1d0044af5c22e3470f67a04138d1
stage1,rrc06,RIPE RIS,updates,https://data.ris.ripe.net/rrc06/2025.07/updates.20250706.1005.gz,updates.20250706.1005.gz,229953,4bfec311d08524b9dc61c683739f7410c3762a238cc1797a62c74d0d3fdba10a
stage1,rrc06,RIPE RIS,updates,https://data.ris.ripe.net/rrc06/2025.07/updates.20250706.1010.gz,updates.20250706.1010.gz,206966,e1a6a0b8d3a7c4a1914b0eda3fd564bfaf04918b972387802e05de55476a2314
stage1,rrc06,RIPE RIS,updates,https://data.ris.ripe.net/rrc06/2025.07/updates.20250706.1015.gz,updates.20250706.1015.gz,648017,284bb22f57ed9d35ee2608bbcfd257d2c6169fb8a1e3c14bdfc80f5e90008d32
stage1,rrc06,RIPE RIS,updates,https://data.ris.ripe.net/rrc06/2025.07/updates.20250706.1020.gz,updates.20250706.1020.gz,182221,c72e772205b83828ed8ed6324ec9905cb5fa02d132db49366a8bdbc20b379ad8
stage1,rrc06,RIPE RIS,updates,https://data.ris.ripe.net/rrc06/2025.07/updates.20250706.1025.gz,updates.20250706.1025.gz,210301,136623388e436fb4c39fe282e9ca97fa9a3ea55b94ebccc6bcb5a3b1c149ec62
stage1,rrc06,RIPE RIS,updates,https://data.ris.ripe.net/rrc06/2025.07/updates.20250706.1030.gz,updates.20250706.1030.gz,176096,8dfc2b5c227b72d16cbff81cf6091bb05e683882013a403c523781d9307b8c03
stage1,rrc06,RIPE RIS,updates,https://data.ris.ripe.net/rrc06/2025.07/updates.20250706.1035.gz,updates.20250706.1035.gz,171132,435022977d642b738a65543d352be6ce78f1224b3e9f9bf0fd78460e37d9b21d
stage1,rrc06,RIPE RIS,updates,https://data.ris.ripe.net/rrc06/2025.07/updates.20250706.1040.gz,updates.20250706.1040.gz,184500,ec256c122e52d4efc6f15450b319ab83ef09f210e83789b793cfc126a3004d89
stage1,rrc06,RIPE RIS,updates,https://data.ris.ripe.net/rrc06/2025.07/updates.20250706.1045.gz,updates.20250706.1045.gz,195379,481115a1096f31edf541e52ae7963efb4a8f303a66a49bcaaa2b6394b21640eb
stage1,rrc06,RIPE RIS,updates,https://data.ris.ripe.net/rrc06/2025.07/updates.20250706.1050.gz,updates.20250706.1050.gz,169625,c1b460cc6daf4a104225513435038e1a2b274fe3282d1c2c74ef10d5c3d89ee6
stage1,rrc06,RIPE RIS,updates,https://data.ris.ripe.net/rrc06/2025.07/updates.20250706.1055.gz,updates.20250706.1055.gz,189732,863d13ef1fe674b4b111ef1f4bf8565362bd5feaa025570ce8f402847859862d
stage1,rrc06,RIPE RIS,updates,https://data.ris.ripe.net/rrc06/2025.07/updates.20250706.1100.gz,updates.20250706.1100.gz,177498,df9eba6a4a7d1fde0fcc339bb9a9c36476cc7d4c85ffc08329ca18dd03588bf1
stage1,rrc06,RIPE RIS,updates,https://data.ris.ripe.net/rrc06/2025.07/updates.20250706.1105.gz,updates.20250706.1105.gz,215082,cd646b75af172e2b3d6f3bd16a42483b0d08b821427a9d440c763c7a25dd8f49
stage1,rrc06,RIPE RIS,updates,https://data.ris.ripe.net/rrc06/2025.07/updates.20250706.1110.gz,updates.20250706.1110.gz,175126,e3f1039285c1fc8512144718ca4fd8b609415932cdff2c6dfdbc60ba0effff45
stage1,rrc06,RIPE RIS,updates,https://data.ris.ripe.net/rrc06/2025.07/updates.20250706.1115.gz,updates.20250706.1115.gz,181595,ab1fd9252233933e98c6411beec385169d58e059b6faa4ad7dbf2afa8d19a571
stage1,rrc06,RIPE RIS,updates,https://data.ris.ripe.net/rrc06/2025.07/updates.20250706.1120.gz,updates.20250706.1120.gz,187257,6cc40dda8cd73e3cc1141c23165cd401d7304d356864641ae7c186baf5350c94
stage1,rrc06,RIPE RIS,updates,https://data.ris.ripe.net/rrc06/2025.07/updates.20250706.1125.gz,updates.20250706.1125.gz,190951,c4a94979640fba904586df9c52da839d5ec791fca0c53d1888113afadf23193d
stage1,rrc06,RIPE RIS,updates,https://data.ris.ripe.net/rrc06/2025.07/updates.20250706.1130.gz,updates.20250706.1130.gz,235468,95fa554d9608bdc023ae43936f1741354e94d651e48a39c180204b67c6fd70a6
stage1,rrc06,RIPE RIS,updates,https://data.ris.ripe.net/rrc06/2025.07/updates.20250706.1135.gz,updates.20250706.1135.gz,167728,54b48e92dda9072752bc8cf0bc1812d754aff17bf6960b69bd73f471e7532df2
stage1,rrc06,RIPE RIS,updates,https://data.ris.ripe.net/rrc06/2025.07/updates.20250706.1140.gz,updates.20250706.1140.gz,157817,ab7f734f6db695865f8bb05de47dea91624fdd0c2d2cc9fc4b1bbcf1d2ac7aaa
stage1,rrc06,RIPE RIS,updates,https://data.ris.ripe.net/rrc06/2025.07/updates.20250706.1145.gz,updates.20250706.1145.gz,187949,a14623c567e231e3816a7926f588767313fab0f8721b4a79600181d278b4069e
stage1,rrc06,RIPE RIS,updates,https://data.ris.ripe.net/rrc06/2025.07/updates.20250706.1150.gz,updates.20250706.1150.gz,164817,65bd0261a4676b20bfcec48eaf37bdc5ab51d2e631838d3c889e527e28f73a78
stage1,rrc06,RIPE RIS,updates,https://data.ris.ripe.net/rrc06/2025.07/updates.20250706.1155.gz,updates.20250706.1155.gz,197898,b0801e348a06d6027d206aa1f92eaef0be40565067b6d10a9456794d6c88e493
stage1,rrc06,RIPE RIS,updates,https://data.ris.ripe.net/rrc06/2025.07/updates.20250706.1200.gz,updates.20250706.1200.gz,168905,5c7eafd75092c16021a1d740a64c2b27d7942bc7161f0b29701995202258bff4
stage1,rrc06,RIPE RIS,updates,https://data.ris.ripe.net/rrc06/2025.07/updates.20250706.1205.gz,updates.20250706.1205.gz,179908,ecc848545365dba3760688f2465894a732b667c0b7a1778e7473d34ebb92de5a
stage1,rrc06,RIPE RIS,updates,https://data.ris.ripe.net/rrc06/2025.07/updates.20250706.1210.gz,updates.20250706.1210.gz,221075,7ec239848550a2d5e4a3833f6b10dd026ab514290633960dd5afda24890143bb
stage1,rrc06,RIPE RIS,updates,https://data.ris.ripe.net/rrc06/2025.07/updates.20250706.1215.gz,updates.20250706.1215.gz,185754,2beb169c37083485cde136142d111219a6c6c190d4bc7ef6bd1c0ef3a3acc94d
stage1,rrc06,RIPE RIS,updates,https://data.ris.ripe.net/rrc06/2025.07/updates.20250706.1220.gz,updates.20250706.1220.gz,191068,ef5633422ad1645ee155b84b9d199ff389621219d55ef0881550dcc143bb7a04
stage1,rrc06,RIPE RIS,updates,https://data.ris.ripe.net/rrc06/2025.07/updates.20250706.1225.gz,updates.20250706.1225.gz,194681,e1a3a00d816f6f16bdf4cd8ce1d7ae8f7bc5626702319c2b5ca6e6d8dcb530f0
stage1,rrc06,RIPE RIS,updates,https://data.ris.ripe.net/rrc06/2025.07/updates.20250706.1230.gz,updates.20250706.1230.gz,182416,34d5782c7f3955c50fa89ea12da994feafcb4cf887933b5df3cd417318bb7969
stage1,rrc06,RIPE RIS,updates,https://data.ris.ripe.net/rrc06/2025.07/updates.20250706.1235.gz,updates.20250706.1235.gz,190997,dcbdc81eb6751351dc255755dfeb01cdb9115870c0de634cccbeb0be949c14df
stage1,rrc06,RIPE RIS,updates,https://data.ris.ripe.net/rrc06/2025.07/updates.20250706.1240.gz,updates.20250706.1240.gz,168021,5c8fce6f85e2eb45bef92ac4987023a00c55c46f1e533cc3d7d81bfde6121085
stage1,rrc06,RIPE RIS,updates,https://data.ris.ripe.net/rrc06/2025.07/updates.20250706.1245.gz,updates.20250706.1245.gz,169408,0764fcbea5195597b09568c9b7f8a74de4d4c239a4f77418e92fee5df5d6c64a
stage1,rrc06,RIPE RIS,updates,https://data.ris.ripe.net/rrc06/2025.07/updates.20250706.1250.gz,updates.20250706.1250.gz,219011,f1846b2fedd10955b7daddf7ba47d781a73d1c99f6efae9d92de53c01f33e569
stage1,rrc06,RIPE RIS,updates,https://data.ris.ripe.net/rrc06/2025.07/updates.20250706.1255.gz,updates.20250706.1255.gz,191693,c705d89c1efdb77c3eac1ce98605a68cb5d17bbfa3ee3c3fbf53dbea2f33b313
stage1,rrc06,RIPE RIS,updates,https://data.ris.ripe.net/rrc06/2025.07/updates.20250706.1300.gz,updates.20250706.1300.gz,192700,0ba8462a1487379060bc956c4688302a0344c054c5eb6ef91c8d8d123bc4cae0
stage1,rrc06,RIPE RIS,updates,https://data.ris.ripe.net/rrc06/2025.07/updates.20250706.1305.gz,updates.20250706.1305.gz,173168,5be5324b8f3e8e1412202caacfa14114fae87cb90fbfe4b83c66e7f9671466dd
stage1,rrc06,RIPE RIS,updates,https://data.ris.ripe.net/rrc06/2025.07/updates.20250706.1310.gz,updates.20250706.1310.gz,183353,97f0a74b608ab881fee62679896d304cd007cb9a10303033f3f6bf9f20ea428d
stage1,rrc06,RIPE RIS,updates,https://data.ris.ripe.net/rrc06/2025.07/updates.20250706.1315.gz,updates.20250706.1315.gz,194461,bc1d60a0357f54619fa68455a5949a9e24353d578735f1ea5fcf9b0c344b6a6e
stage1,rrc06,RIPE RIS,updates,https://data.ris.ripe.net/rrc06/2025.07/updates.20250706.1320.gz,updates.20250706.1320.gz,187272,0cb458050dbca8de883320c366e5a5235ceee6659261d6d446b0166f0e114dcc
stage1,rrc06,RIPE RIS,updates,https://data.ris.ripe.net/rrc06/2025.07/updates.20250706.1325.gz,updates.20250706.1325.gz,193830,dc7b10de6b6973f29545764186716f01aca65cb013d68be4a5896db4057a2ec9
stage1,rrc06,RIPE RIS,updates,https://data.ris.ripe.net/rrc06/2025.07/updates.20250706.1330.gz,updates.20250706.1330.gz,186089,a57d5a0e13159c0f96d0c69d4af7ec9c52e0bc92c0ca079fb4c403bde806c1c1
stage1,rrc06,RIPE RIS,updates,https://data.ris.ripe.net/rrc06/2025.07/updates.20250706.1335.gz,updates.20250706.1335.gz,167354,f6a187fb5fe01c3120b0c3e15c3a6bcf95360f24bc0a3297bcc57768f1e22170
stage1,rrc06,RIPE RIS,updates,https://data.ris.ripe.net/rrc06/2025.07/updates.20250706.1340.gz,updates.20250706.1340.gz,210019,38f84b9aed191c8ccff1cd40082060ff4ba551576dea289b2fb57ffed8fbd5a6
stage1,rrc06,RIPE RIS,updates,https://data.ris.ripe.net/rrc06/2025.07/updates.20250706.1345.gz,updates.20250706.1345.gz,223028,a536aa3594af8d9e8cb361fa62a62448fdd35bdc481a9bd50038ef7af46df767
stage1,rrc06,RIPE RIS,updates,https://data.ris.ripe.net/rrc06/2025.07/updates.20250706.1350.gz,updates.20250706.1350.gz,206046,b3b41c9c6a9cf823156ab83b6fb49ea9e0ebcf3e02f7fa2af8c54717318aaa26
stage1,rrc06,RIPE RIS,updates,https://data.ris.ripe.net/rrc06/2025.07/updates.20250706.1355.gz,updates.20250706.1355.gz,176177,b232592718b27c14b071068ffa286ab66793034f54c7a3bc48183231f0553838
stage1,rrc06,RIPE RIS,updates,https://data.ris.ripe.net/rrc06/2025.07/updates.20250706.1400.gz,updates.20250706.1400.gz,214132,f6ae8f7cb8f7f598ec89373216003d34b22eb50f53c7b23be32d049a02a20838
stage1,rrc06,RIPE RIS,updates,https://data.ris.ripe.net/rrc06/2025.07/updates.20250706.1405.gz,updates.20250706.1405.gz,202487,821ac8c977526e6b19f4744d6c61ad8ebdbd795e84d1d4de7df65cc37f574080
stage1,rrc06,RIPE RIS,updates,https://data.ris.ripe.net/rrc06/2025.07/updates.20250706.1410.gz,updates.20250706.1410.gz,188311,2cac0681e5ed5456bd4e36329b09601d1398ae1d455a9ce034108a7b82a147eb
stage1,rrc06,RIPE RIS,updates,https://data.ris.ripe.net/rrc06/2025.07/updates.20250706.1415.gz,updates.20250706.1415.gz,190837,f1c709bdeddbde78f712d5c0457c66e3978441b6dc877a2ef9159f51d8527fdb
stage1,rrc06,RIPE RIS,updates,https://data.ris.ripe.net/rrc06/2025.07/updates.20250706.1420.gz,updates.20250706.1420.gz,206316,52b37eee4b54113aa4adef63b4f4fb07c8675eaf1a82f4ea5cbebe1b5b1857fe
stage1,rrc06,RIPE RIS,updates,https://data.ris.ripe.net/rrc06/2025.07/updates.20250706.1425.gz,updates.20250706.1425.gz,191595,a9f507dd534830c650ef51609b79c307e53550ff4bdc8ed9b8a2425344280109
stage1,rrc06,RIPE RIS,updates,https://data.ris.ripe.net/rrc06/2025.07/updates.20250706.1430.gz,updates.20250706.1430.gz,248962,ece433fb897914e9d38c040ab04474a3af13da3b754b6da4d8d9ac7f7d5451ed
stage1,rrc06,RIPE RIS,updates,https://data.ris.ripe.net/rrc06/2025.07/updates.20250706.1435.gz,updates.20250706.1435.gz,229935,e1a26c2c6eb34c1d042881b53efcba1fd23d7eb7dc97112b64bddb4f85cb2864
stage1,rrc06,RIPE RIS,updates,https://data.ris.ripe.net/rrc06/2025.07/updates.20250706.1440.gz,updates.20250706.1440.gz,201364,d3abb05554d72653e8b17e7d4daad0551724b9477afe946fdef6a9e974ba13ac
stage1,rrc06,RIPE RIS,updates,https://data.ris.ripe.net/rrc06/2025.07/updates.20250706.1445.gz,updates.20250706.1445.gz,171443,2c2f45e3f326a13d51f96b63dbfa20d8a1865db27a4f4d57ed0ba832346c6438
stage1,rrc06,RIPE RIS,updates,https://data.ris.ripe.net/rrc06/2025.07/updates.20250706.1450.gz,updates.20250706.1450.gz,178153,056fa1d9f54b5cfe5556958a73498cff2fc2824f6d8afc5a42c3c4a01b765baf
stage1,rrc06,RIPE RIS,updates,https://data.ris.ripe.net/rrc06/2025.07/updates.20250706.1455.gz,updates.20250706.1455.gz,181156,f8fd445cca1d6eaaf485e202a8533344aa9e904645ed0e0a6886d9f3ef00c0e9
stage1,rrc06,RIPE RIS,updates,https://data.ris.ripe.net/rrc06/2025.07/updates.20250706.1500.gz,updates.20250706.1500.gz,181071,7987ae8988cc73b59b6e478c683cbb2d144953995fa6f172d8446221ddf5439d
stage1,rrc06,RIPE RIS,updates,https://data.ris.ripe.net/rrc06/2025.07/updates.20250706.1505.gz,updates.20250706.1505.gz,154972,7246c5f09162df80aaa4ce5b2322f606933185d34f29b4945d66ce9fddf5d713
stage1,rrc06,RIPE RIS,updates,https://data.ris.ripe.net/rrc06/2025.07/updates.20250706.1510.gz,updates.20250706.1510.gz,187869,35e0c442f98a3ab8dec3651ae91a3330411b7c370f44350837c7214d5684d4ae
stage1,rrc06,RIPE RIS,updates,https://data.ris.ripe.net/rrc06/2025.07/updates.20250706.1515.gz,updates.20250706.1515.gz,182480,ba2b2a249be692cf06929a5f11c1411d408094b9f2949b1392f4f5838c58f7fb
stage1,rrc06,RIPE RIS,updates,https://data.ris.ripe.net/rrc06/2025.07/updates.20250706.1520.gz,updates.20250706.1520.gz,206713,a52782116c3f5646d4b1f8103f7583148c30f3653a632262da770eb299c932b7
stage1,rrc06,RIPE RIS,updates,https://data.ris.ripe.net/rrc06/2025.07/updates.20250706.1525.gz,updates.20250706.1525.gz,163042,8b02048f3348e97fdc7d817563828e5526c20d398684e8f545b0068f53ea52c6
stage1,rrc06,RIPE RIS,updates,https://data.ris.ripe.net/rrc06/2025.07/updates.20250706.1530.gz,updates.20250706.1530.gz,178614,add2efd4d862d5b4687a6205b5b194799cb805993de5c602ecee12cdbb5f5693
stage1,rrc06,RIPE RIS,updates,https://data.ris.ripe.net/rrc06/2025.07/updates.20250706.1535.gz,updates.20250706.1535.gz,171610,851653a0541f8bb9cc57a451fb8c80385448fa334c1d5062f74eab2223834e7a
stage1,rrc06,RIPE RIS,updates,https://data.ris.ripe.net/rrc06/2025.07/updates.20250706.1540.gz,updates.20250706.1540.gz,194151,65c9ccfce245aa45e92b73ffb7144f82f28d460ccc43592775e40eb4183681bb
stage1,rrc06,RIPE RIS,updates,https://data.ris.ripe.net/rrc06/2025.07/updates.20250706.1545.gz,updates.20250706.1545.gz,169392,6f394cc08acfe8f8674bae189026eba99606bc430f963a0f96a947b71a94cdb1
stage1,rrc06,RIPE RIS,updates,https://data.ris.ripe.net/rrc06/2025.07/updates.20250706.1550.gz,updates.20250706.1550.gz,173847,ad831cd0a35de2962671194d806faca321dc927e4f2c73541853ef650aff239d
stage1,rrc06,RIPE RIS,updates,https://data.ris.ripe.net/rrc06/2025.07/updates.20250706.1555.gz,updates.20250706.1555.gz,195348,86b29932fc097caa108df38dc48b84f53145320748a86f47397de96950b052c4
stage1,rrc06,RIPE RIS,updates,https://data.ris.ripe.net/rrc06/2025.07/updates.20250706.1600.gz,updates.20250706.1600.gz,213767,6bd7d1b9c6a47aad607c50bd47c7a55ec93bac3d2129aa08cdd0ca94e46e2d06
stage1,rrc06,RIPE RIS,updates,https://data.ris.ripe.net/rrc06/2025.07/updates.20250706.1605.gz,updates.20250706.1605.gz,208224,96852b2e19548847bcd4f14717389c57685ea12573425c6e8f02bb0c9aeaf16f
stage1,rrc06,RIPE RIS,updates,https://data.ris.ripe.net/rrc06/2025.07/updates.20250706.1610.gz,updates.20250706.1610.gz,200111,cf3a22cbd2ae4ede22ea0bd1f08a1b03521c11d9e009e05d8041b592de3fb022
stage1,rrc06,RIPE RIS,updates,https://data.ris.ripe.net/rrc06/2025.07/updates.20250706.1615.gz,updates.20250706.1615.gz,197784,7e11d0e27f76d995fd602f7359ffb51c72b6d9be8e687ef14c0604bd24cbddc2
stage1,rrc06,RIPE RIS,updates,https://data.ris.ripe.net/rrc06/2025.07/updates.20250706.1620.gz,updates.20250706.1620.gz,166915,62f228c10c47b9e7e3bc21e42adcf6c19f2a5798172fb9edffffed1c683b29a2
stage1,rrc06,RIPE RIS,updates,https://data.ris.ripe.net/rrc06/2025.07/updates.20250706.1625.gz,updates.20250706.1625.gz,215472,64be2b737368cd44b97fbf63068a4a26f18f667023395ad0482b29c0fe939a1e
stage1,rrc06,RIPE RIS,updates,https://data.ris.ripe.net/rrc06/2025.07/updates.20250706.1630.gz,updates.20250706.1630.gz,170153,eb9b177c1bd90cdb929c95e8b3c9f91406b48ef4c493c2dd476e540480456dac
stage1,rrc06,RIPE RIS,updates,https://data.ris.ripe.net/rrc06/2025.07/updates.20250706.1635.gz,updates.20250706.1635.gz,162680,138576310d944c926816fd0b6f23d4c54217569f7457b1d4d36e79ae667a32b4
stage1,rrc06,RIPE RIS,updates,https://data.ris.ripe.net/rrc06/2025.07/updates.20250706.1640.gz,updates.20250706.1640.gz,184025,eda1bf775e204416913813831734864be234b4a0dedbcf179dddbc0cf3bcee13
stage1,rrc06,RIPE RIS,updates,https://data.ris.ripe.net/rrc06/2025.07/updates.20250706.1645.gz,updates.20250706.1645.gz,179763,e9254b90c038522383c4440c5ddc3269771a736c82cd8269f515c306a342e27f
stage1,rrc06,RIPE RIS,updates,https://data.ris.ripe.net/rrc06/2025.07/updates.20250706.1650.gz,updates.20250706.1650.gz,171680,bd9170795c5df190b7587160bb38d586b70e3507dd206f4f8ca1ffdaeebc85a5
stage1,rrc06,RIPE RIS,updates,https://data.ris.ripe.net/rrc06/2025.07/updates.20250706.1655.gz,updates.20250706.1655.gz,157138,4c7c5efff2806ad262ad96927865243edca3f20a38465bba1f146ec8034538b3
stage1,rrc06,RIPE RIS,updates,https://data.ris.ripe.net/rrc06/2025.07/updates.20250706.1700.gz,updates.20250706.1700.gz,180020,06db54d9e4fdc47fd0e04d009ac44954f4fc3ccb0a7a65ca6ef69e75607a5438
stage1,rrc06,RIPE RIS,updates,https://data.ris.ripe.net/rrc06/2025.07/updates.20250706.1705.gz,updates.20250706.1705.gz,176958,2ea81f7da563ed8649ae749d5ac8acfccfb97cbc2ef432d5296a2432215e01b6
stage1,rrc06,RIPE RIS,updates,https://data.ris.ripe.net/rrc06/2025.07/updates.20250706.1710.gz,updates.20250706.1710.gz,197667,7f38c7a4044d3cb18de44b2b29abdc5be517ff314221990348c3e1cc18e69fb0
stage1,rrc06,RIPE RIS,updates,https://data.ris.ripe.net/rrc06/2025.07/updates.20250706.1715.gz,updates.20250706.1715.gz,157011,12fe7cb35a3504d57b6dd91257e0a106e8d7bf4336ededa21d83214a662dbc1e
stage1,rrc06,RIPE RIS,updates,https://data.ris.ripe.net/rrc06/2025.07/updates.20250706.1720.gz,updates.20250706.1720.gz,171767,03a598c96268219783675ed1fc57c06751f5f3352dce4ad24f19b46c64aeae51
stage1,rrc06,RIPE RIS,updates,https://data.ris.ripe.net/rrc06/2025.07/updates.20250706.1725.gz,updates.20250706.1725.gz,166666,694ebed5fdaf9148b05f745c1978b75d6b17c53b17da778c2fb08a1abe05a295
stage1,rrc06,RIPE RIS,updates,https://data.ris.ripe.net/rrc06/2025.07/updates.20250706.1730.gz,updates.20250706.1730.gz,222483,f8fdb01b48c1700e7a9c6bdac0dc77420d66c75e5887bc09d04ccf0aa2c00cb8
stage1,rrc06,RIPE RIS,updates,https://data.ris.ripe.net/rrc06/2025.07/updates.20250706.1735.gz,updates.20250706.1735.gz,154568,c83bd21fe74e4b958aa7124d42ca62697e553c2a7f8799074bb7dcfeadf4769a
stage1,rrc06,RIPE RIS,updates,https://data.ris.ripe.net/rrc06/2025.07/updates.20250706.1740.gz,updates.20250706.1740.gz,176654,f145a772cc7ccd950a84e7610a1320c242d298fa67cd1bb7d546ab213381a577
stage1,rrc06,RIPE RIS,updates,https://data.ris.ripe.net/rrc06/2025.07/updates.20250706.1745.gz,updates.20250706.1745.gz,246867,50f41afe6110360b7c45e2688a8df8ce059bd8c9c6e0d7557da332337529c776
stage1,rrc06,RIPE RIS,updates,https://data.ris.ripe.net/rrc06/2025.07/updates.20250706.1750.gz,updates.20250706.1750.gz,164597,a2f0552443335e24729b5d35d1f23fee2818a16e37a9d8991785a10a3cf0f3a1
stage1,rrc06,RIPE RIS,updates,https://data.ris.ripe.net/rrc06/2025.07/updates.20250706.1755.gz,updates.20250706.1755.gz,161565,2208d40b6d1c8ed0127879245a8fa8ddc24a585eeb4f2106c9a69e9ba2ec296d
stage1,rrc06,RIPE RIS,updates,https://data.ris.ripe.net/rrc06/2025.07/updates.20250706.1800.gz,updates.20250706.1800.gz,214448,53538eb5370832fed40eaaec2c8f87378b618c171b9bc9a58a359705e08653b7
stage1,rrc06,RIPE RIS,updates,https://data.ris.ripe.net/rrc06/2025.07/updates.20250706.1805.gz,updates.20250706.1805.gz,182126,afef21f03482819cf377a0490ffa3f2894056890406901a539067ded39bc1442
stage1,rrc06,RIPE RIS,updates,https://data.ris.ripe.net/rrc06/2025.07/updates.20250706.1810.gz,updates.20250706.1810.gz,173289,10406706ebc0e3d88dd1eab2c6430077a8848055cfed61b7aad3210444998d94
stage1,rrc06,RIPE RIS,updates,https://data.ris.ripe.net/rrc06/2025.07/updates.20250706.1815.gz,updates.20250706.1815.gz,178377,91c04a5a6b0760de6ff024b5f33e68b55e6542de8ab8f5551cb1a626651928bf
stage1,rrc06,RIPE RIS,updates,https://data.ris.ripe.net/rrc06/2025.07/updates.20250706.1820.gz,updates.20250706.1820.gz,198625,e9cb9eedc81681fdc6d9962472df715ff70285cc8d719d218c15d80b919d6eae
stage1,rrc06,RIPE RIS,updates,https://data.ris.ripe.net/rrc06/2025.07/updates.20250706.1825.gz,updates.20250706.1825.gz,210034,373a177ffe4e9d4f7373a01bd683219cf85ccbdef962e58cba3cdfc14c255760
stage1,rrc06,RIPE RIS,updates,https://data.ris.ripe.net/rrc06/2025.07/updates.20250706.1830.gz,updates.20250706.1830.gz,180002,29c9ae662b6578385beb64661c3d28a9cfedbd959f604309ebbd29707de5ccee
stage1,rrc06,RIPE RIS,updates,https://data.ris.ripe.net/rrc06/2025.07/updates.20250706.1835.gz,updates.20250706.1835.gz,168547,405d4ab1fdfaa2a69f2c5ef5ed77348c4809f71007121d17413daa38f3a46a86
stage1,rrc06,RIPE RIS,updates,https://data.ris.ripe.net/rrc06/2025.07/updates.20250706.1840.gz,updates.20250706.1840.gz,167109,0027164321ccfaed589df9b3f172b5da48c156687756321dc33d37c374129b3f
stage1,rrc06,RIPE RIS,updates,https://data.ris.ripe.net/rrc06/2025.07/updates.20250706.1845.gz,updates.20250706.1845.gz,195493,0008a9c58b7977c422a31f97c43de03bb04de160615ae05f5c05f221846f5409
stage1,rrc06,RIPE RIS,updates,https://data.ris.ripe.net/rrc06/2025.07/updates.20250706.1850.gz,updates.20250706.1850.gz,182711,83e8224e751b7424dbd30da6937088939e6726e228c1734d6e9075bab5b4051a
stage1,rrc06,RIPE RIS,updates,https://data.ris.ripe.net/rrc06/2025.07/updates.20250706.1855.gz,updates.20250706.1855.gz,188622,54669cb1e15eea82b004c12be762b8ed11ab974db8e901c432fb4dba7f34bfc0
stage1,rrc06,RIPE RIS,updates,https://data.ris.ripe.net/rrc06/2025.07/updates.20250706.1900.gz,updates.20250706.1900.gz,175562,778363b53f30d27cd95cdbf9498247f23b62efad23503391f113c7d275bded08
stage1,rrc06,RIPE RIS,updates,https://data.ris.ripe.net/rrc06/2025.07/updates.20250706.1905.gz,updates.20250706.1905.gz,175183,4a6f4f3d319b0293c927d680b49bb68417001f2b720269cc2f007990bf4d04fd
stage1,rrc06,RIPE RIS,updates,https://data.ris.ripe.net/rrc06/2025.07/updates.20250706.1910.gz,updates.20250706.1910.gz,174573,b98326682be8055e54796c53bc3d2305eedbeb2fca28e565d0876cd630378fa6
stage1,rrc06,RIPE RIS,updates,https://data.ris.ripe.net/rrc06/2025.07/updates.20250706.1915.gz,updates.20250706.1915.gz,201382,67d6f5b44d969a90a15ccc7968567e169f2cdeaab6a0f8dec968cde52cd23884
stage1,rrc06,RIPE RIS,updates,https://data.ris.ripe.net/rrc06/2025.07/updates.20250706.1920.gz,updates.20250706.1920.gz,182879,87c089cec70c820abdc99b63cd96098cb641922e19ec28544589b02155681e22
stage1,rrc06,RIPE RIS,updates,https://data.ris.ripe.net/rrc06/2025.07/updates.20250706.1925.gz,updates.20250706.1925.gz,159654,5e38a2e0e93e6745991fb325fba4426285622b19a65d6659454513d30370735b
stage1,rrc06,RIPE RIS,updates,https://data.ris.ripe.net/rrc06/2025.07/updates.20250706.1930.gz,updates.20250706.1930.gz,166162,2ecb43e94f03b70ad3bcd7ced0d2fb294056ce5784cbbf235058a0beee29acae
stage1,rrc06,RIPE RIS,updates,https://data.ris.ripe.net/rrc06/2025.07/updates.20250706.1935.gz,updates.20250706.1935.gz,155854,16088ddd939dc511ac985c9254a08c21fb43aa02f0e37318c6258d78526f5b31
stage1,rrc06,RIPE RIS,updates,https://data.ris.ripe.net/rrc06/2025.07/updates.20250706.1940.gz,updates.20250706.1940.gz,193052,9fc501725a56c601f1010f0459c81257132d895dccf268125cd66c4b013b6b46
stage1,rrc06,RIPE RIS,updates,https://data.ris.ripe.net/rrc06/2025.07/updates.20250706.1945.gz,updates.20250706.1945.gz,208750,11bf9054483f3f5d820f636ba06c0e1d1d17286b72ba792edde5930513207f7d
stage1,rrc06,RIPE RIS,updates,https://data.ris.ripe.net/rrc06/2025.07/updates.20250706.1950.gz,updates.20250706.1950.gz,186032,d5c7597569399057753c6cd93e5ad577a6cc49966ae11f49d6ded9973e96c0d5
stage1,rrc06,RIPE RIS,updates,https://data.ris.ripe.net/rrc06/2025.07/updates.20250706.1955.gz,updates.20250706.1955.gz,171171,22b8818313bfaf4b01f4f775df3ee1212172c51d1e82b57987a18423fc8617ec
stage1,rrc06,RIPE RIS,updates,https://data.ris.ripe.net/rrc06/2025.07/updates.20250706.2000.gz,updates.20250706.2000.gz,181395,e08b1cf0415bcbda8f5444c1b19e3752a3761d76bc644a509e2741924bda0273
stage1,rrc06,RIPE RIS,updates,https://data.ris.ripe.net/rrc06/2025.07/updates.20250706.2005.gz,updates.20250706.2005.gz,206742,ea802405ff3dbd36ca9742b3009690f68182bb8e53b561b4d82ba3034b7fc051
stage1,rrc06,RIPE RIS,updates,https://data.ris.ripe.net/rrc06/2025.07/updates.20250706.2010.gz,updates.20250706.2010.gz,194386,fee5a6b6b6e631bb9eda26b692be33d9a704de9f72fa024d51c8b3b3195690e4
stage1,rrc06,RIPE RIS,updates,https://data.ris.ripe.net/rrc06/2025.07/updates.20250706.2015.gz,updates.20250706.2015.gz,188995,b20e1b334745d93edd7ab6caa1b4643e2078712c3c880ff74b7eef2a377e977a
stage1,rrc06,RIPE RIS,updates,https://data.ris.ripe.net/rrc06/2025.07/updates.20250706.2020.gz,updates.20250706.2020.gz,170763,ddcab78d370902ac390d523eadfe9cc3ac57ed62f044b2cd70baaf791f0fe4dc
stage1,rrc06,RIPE RIS,updates,https://data.ris.ripe.net/rrc06/2025.07/updates.20250706.2025.gz,updates.20250706.2025.gz,164087,46ef31770c714d845b00d697737bc276fa8cbba8d1cedb1e7a32cd0476181625
stage1,rrc06,RIPE RIS,updates,https://data.ris.ripe.net/rrc06/2025.07/updates.20250706.2030.gz,updates.20250706.2030.gz,182764,c2fdbbfd9361a398ef8734d175220753ef7aff920c8ff40ebbccef51b32c4bad
stage1,rrc06,RIPE RIS,updates,https://data.ris.ripe.net/rrc06/2025.07/updates.20250706.2035.gz,updates.20250706.2035.gz,169684,1e01984021aad5a03d56273000541e1d0002acd0f44eb078148167e157ac264c
stage1,rrc06,RIPE RIS,updates,https://data.ris.ripe.net/rrc06/2025.07/updates.20250706.2040.gz,updates.20250706.2040.gz,230284,59b5657e184a0ce0cb51de0f521169c1164fbf69f611d0d1be86cc65df54621b
stage1,rrc06,RIPE RIS,updates,https://data.ris.ripe.net/rrc06/2025.07/updates.20250706.2045.gz,updates.20250706.2045.gz,165351,e2e3ab02f7ab04191b0cc2286182df77dd2e929e8b778ba39acdc115027a27ca
stage1,rrc06,RIPE RIS,updates,https://data.ris.ripe.net/rrc06/2025.07/updates.20250706.2050.gz,updates.20250706.2050.gz,153362,904ad052a77a39b4caebdcea8c26f11b956cf56a9472dae86ab8fe981bcd5c63
stage1,rrc06,RIPE RIS,updates,https://data.ris.ripe.net/rrc06/2025.07/updates.20250706.2055.gz,updates.20250706.2055.gz,159118,67d25c84dc9e1226c15484cfc8458e42babc0af5263d33860aabea530167c2ff
stage1,rrc06,RIPE RIS,updates,https://data.ris.ripe.net/rrc06/2025.07/updates.20250706.2100.gz,updates.20250706.2100.gz,160884,7ea1fbc2e85094f25390f0440df8b4f155a1099c1fdf25bc6ba184d03f94b372
stage1,rrc06,RIPE RIS,updates,https://data.ris.ripe.net/rrc06/2025.07/updates.20250706.2105.gz,updates.20250706.2105.gz,161809,2ee36aa75ab1069ac45d95c4e0fad296f53765d529e4a90624b3fdb8eea195ae
stage1,rrc06,RIPE RIS,updates,https://data.ris.ripe.net/rrc06/2025.07/updates.20250706.2110.gz,updates.20250706.2110.gz,178736,ac70b21b7389f650c7a31adfae6a56f1cffd0e36600f4fb9b46f883d75e9149f
stage1,rrc06,RIPE RIS,updates,https://data.ris.ripe.net/rrc06/2025.07/updates.20250706.2115.gz,updates.20250706.2115.gz,184432,d3fca747013c95d726f594a24b3d980324066565949155ca97c4d24d050ea764
stage1,rrc06,RIPE RIS,updates,https://data.ris.ripe.net/rrc06/2025.07/updates.20250706.2120.gz,updates.20250706.2120.gz,171737,9780eb9fbf3b5bdf3daf421de566148f59f9d00c7be873571ce6a953a5d24f1a
stage1,rrc06,RIPE RIS,updates,https://data.ris.ripe.net/rrc06/2025.07/updates.20250706.2125.gz,updates.20250706.2125.gz,149875,6b28faa0fb23cf5c9ce21b678b0598854b422c63b799b044a2ac961139befcf9
stage1,rrc06,RIPE RIS,updates,https://data.ris.ripe.net/rrc06/2025.07/updates.20250706.2130.gz,updates.20250706.2130.gz,187433,2c3df31a3418982338d07dd634b495a02a43d94d096a1b3af154c73329b4c14c
stage1,rrc06,RIPE RIS,updates,https://data.ris.ripe.net/rrc06/2025.07/updates.20250706.2135.gz,updates.20250706.2135.gz,176288,5f8d71438876e4b1be4457115593804359eaaa07a900d9a709af7ac54b15631c
stage1,rrc06,RIPE RIS,updates,https://data.ris.ripe.net/rrc06/2025.07/updates.20250706.2140.gz,updates.20250706.2140.gz,256753,e6a1ec041a4fa1512559c1c48659c7d08316c69770c1bf1a4436d339e5d8f2a9
stage1,rrc06,RIPE RIS,updates,https://data.ris.ripe.net/rrc06/2025.07/updates.20250706.2145.gz,updates.20250706.2145.gz,191466,ee91f35aa7666777366a95023dfaaa4d4b66aad80663cc3b8a4f49b3882731bf
stage1,rrc06,RIPE RIS,updates,https://data.ris.ripe.net/rrc06/2025.07/updates.20250706.2150.gz,updates.20250706.2150.gz,200393,67ac990bac5d76174fe3752cd37ce5598b605d2b8a73d204256eda06feb2edaa
stage1,rrc06,RIPE RIS,updates,https://data.ris.ripe.net/rrc06/2025.07/updates.20250706.2155.gz,updates.20250706.2155.gz,165846,fa5e71c4fd2da862fdccee14590f3792c92c35af437243cf70eb2fe0bb875e73
stage1,rrc06,RIPE RIS,updates,https://data.ris.ripe.net/rrc06/2025.07/updates.20250706.2200.gz,updates.20250706.2200.gz,200585,e49f55d7f3363e84f3d213564342967afcfedd49799c1ed86d16f0ecc27cfba5
stage1,rrc06,RIPE RIS,updates,https://data.ris.ripe.net/rrc06/2025.07/updates.20250706.2205.gz,updates.20250706.2205.gz,172671,ee4ea88b3aee804d30e5780678c80511f500e00eb76fbc7fdbcc3bda8b2cc504
stage1,rrc06,RIPE RIS,updates,https://data.ris.ripe.net/rrc06/2025.07/updates.20250706.2210.gz,updates.20250706.2210.gz,174062,c7f19cafcfbb9ab0eaba997e1a2a146d3afe7ce8ea3c360e926b2e07185e6436
stage1,rrc06,RIPE RIS,updates,https://data.ris.ripe.net/rrc06/2025.07/updates.20250706.2215.gz,updates.20250706.2215.gz,164138,a89c83dc37b72e28024461b088f7901ae37c35020721d11f55c0c8a1897d647e
stage1,rrc06,RIPE RIS,updates,https://data.ris.ripe.net/rrc06/2025.07/updates.20250706.2220.gz,updates.20250706.2220.gz,197615,e803e299d7ad60db06328060cf8b2361b4e852c1c20be17b20a1abf7497f75c7
stage1,rrc06,RIPE RIS,updates,https://data.ris.ripe.net/rrc06/2025.07/updates.20250706.2225.gz,updates.20250706.2225.gz,173263,8bb0fd51cb21710803eac9f13a12f0591d71d5f7e26c380168c9a8f7d08284f0
stage1,rrc06,RIPE RIS,updates,https://data.ris.ripe.net/rrc06/2025.07/updates.20250706.2230.gz,updates.20250706.2230.gz,186226,2cc28fc8ac768db385bb0266adf76d1d1c33fa737d65810aa832174880be3123
stage1,rrc06,RIPE RIS,updates,https://data.ris.ripe.net/rrc06/2025.07/updates.20250706.2235.gz,updates.20250706.2235.gz,183804,6371a079010fe4418ac9509cd868507782490ff3fcb8c478aa06f2d8a03c788b
stage1,rrc06,RIPE RIS,updates,https://data.ris.ripe.net/rrc06/2025.07/updates.20250706.2240.gz,updates.20250706.2240.gz,185579,18afaeb19e3abb16bdc81ee054ef6720734406f4570b89713336e0e0ac523316
stage1,rrc06,RIPE RIS,updates,https://data.ris.ripe.net/rrc06/2025.07/updates.20250706.2245.gz,updates.20250706.2245.gz,178425,90605d9bf24b7a3f5d0cf64336460efadf1027ac6adc759f581f407589601607
stage1,rrc06,RIPE RIS,updates,https://data.ris.ripe.net/rrc06/2025.07/updates.20250706.2250.gz,updates.20250706.2250.gz,192266,b1fbe7d8b7c4a91ff79b4f08678527b72a7d3cd88a429e6b3f88a5014f940c13
stage1,rrc06,RIPE RIS,updates,https://data.ris.ripe.net/rrc06/2025.07/updates.20250706.2255.gz,updates.20250706.2255.gz,179252,92d84919e39005ab2a4b0bb49c099eb7fc63783df50a0a01d7d76a811eab5324
stage1,rrc06,RIPE RIS,updates,https://data.ris.ripe.net/rrc06/2025.07/updates.20250706.2300.gz,updates.20250706.2300.gz,205948,91de9451c972e9500d5746019b316837782f480f62b20b3020a6a3df565460c4
stage1,rrc06,RIPE RIS,updates,https://data.ris.ripe.net/rrc06/2025.07/updates.20250706.2305.gz,updates.20250706.2305.gz,175664,0acd183bd48d1d12500a8018e3ed0c32782a3c941da535df583abf8ac6843a01
stage1,rrc06,RIPE RIS,updates,https://data.ris.ripe.net/rrc06/2025.07/updates.20250706.2310.gz,updates.20250706.2310.gz,176875,eb6b9751424b22a67c2cdbc7403eea8962241e366a4d421de65be7679d9cf425
stage1,rrc06,RIPE RIS,updates,https://data.ris.ripe.net/rrc06/2025.07/updates.20250706.2315.gz,updates.20250706.2315.gz,186808,12c2857e441be0ee7074621c5efd917f848118986375c3a7d0995e27408e7f74
stage1,rrc06,RIPE RIS,updates,https://data.ris.ripe.net/rrc06/2025.07/updates.20250706.2320.gz,updates.20250706.2320.gz,182743,dfb061770ec61b6d44ce04bb3265447cccd013c7109c92e059b9c3035ce99852
stage1,rrc06,RIPE RIS,updates,https://data.ris.ripe.net/rrc06/2025.07/updates.20250706.2325.gz,updates.20250706.2325.gz,171152,39ca03e1a9243558bca44350e7ded8f133e6676e13da675130743e7f88344ea3
stage1,rrc06,RIPE RIS,updates,https://data.ris.ripe.net/rrc06/2025.07/updates.20250706.2330.gz,updates.20250706.2330.gz,181046,597666b99e44bfa56d2709dbf08c6fe928f84a495ef36e77f9bd6a0b0fda5001
stage1,rrc06,RIPE RIS,updates,https://data.ris.ripe.net/rrc06/2025.07/updates.20250706.2335.gz,updates.20250706.2335.gz,175775,b9026675c39c22d46e42787a18226e9b34c313b311f862340eb8aea3eb8409d7
stage1,rrc06,RIPE RIS,updates,https://data.ris.ripe.net/rrc06/2025.07/updates.20250706.2340.gz,updates.20250706.2340.gz,175878,2dc6278a7a7fad3f1cc2cc99e0755d6b91226ffdd5d42e72594bc865a25279ab
stage1,rrc06,RIPE RIS,updates,https://data.ris.ripe.net/rrc06/2025.07/updates.20250706.2345.gz,updates.20250706.2345.gz,188801,d796d80f22c849e4860515d77fb1b11690300e7d226c6b3f006cfb41dd4c65d5
stage1,rrc06,RIPE RIS,updates,https://data.ris.ripe.net/rrc06/2025.07/updates.20250706.2350.gz,updates.20250706.2350.gz,166089,fc711f51706d2b99d2ceff40780d144a206079176d2ea57c6129c3de33b0e580
stage1,rrc06,RIPE RIS,updates,https://data.ris.ripe.net/rrc06/2025.07/updates.20250706.2355.gz,updates.20250706.2355.gz,147841,06ae9318fbad6baca23372dd5962d1c9800fa8534f1b39882721bee709163b24
